UDI,Product ID,Type,Air temperature [K],Process temperature [K],Rotational speed [rpm],Torque [Nm],Tool wear [min],TWF,HDF,PWF,OSF,RNF
400,L47579,L,297.4,308.4,1392,49.7,174,0,0,0,0,0
7248,M22107,M,300.0,310.1,1314,53.5,199,0,0,0,0,0
6407,L53586,L,300.2,309.8,1526,45.6,175,0,0,0,0,0
883,M15742,M,295.7,306.2,1739,25.9,94,0,0,0,0,0
3566,M18425,M,301.8,310.7,1420,52.0,88,0,0,0,0,0
4286,L51465,L,301.7,309.9,1317,49.0,187,0,1,0,0,0
1180,L48359,L,297.3,308.4,1441,43.4,14,0,0,0,0,0
5449,L52628,L,303.0,312.7,1551,41.8,111,0,0,0,0,0
4245,L51424,L,302.4,310.9,1469,39.6,86,0,0,0,0,0
5219,L52398,L,303.8,312.9,1589,37.2,203,0,0,0,0,0
3977,H33390,H,302.3,311.4,1372,46.0,86,0,0,0,0,0
2131,L49310,L,299.4,309.0,1391,58.2,135,0,0,0,0,0
5079,M19938,M,304.3,313.4,1482,43.8,41,0,0,0,0,0
457,H29870,H,297.3,308.7,1478,47.6,98,0,0,0,0,0
5583,L52762,L,302.5,312.0,2052,18.9,40,0,0,0,0,0
5176,L52355,L,304.2,313.4,1740,23.7,86,0,0,0,0,0
1951,M16810,M,298.0,307.9,1479,47.6,76,0,0,0,0,0
5373,H34786,H,302.9,312.3,1509,46.8,175,0,0,0,0,0
690,H30103,H,297.6,309.0,1354,55.6,46,0,0,0,0,0
8853,L56032,L,297.7,308.9,1575,39.9,12,0,0,0,0,0
6526,L53705,L,301.1,310.4,1312,73.6,49,0,0,1,0,0
9822,L57001,L,298.6,309.4,1667,35.6,185,0,0,0,0,0
6489,L53668,L,300.7,309.8,1330,54.4,171,0,0,0,0,0
6922,L54101,L,301.1,311.6,1432,48.1,202,0,0,0,0,0
1954,L49133,L,297.9,307.7,1593,34.9,83,0,0,0,0,0
7635,M22494,M,300.3,311.3,1506,40.7,98,0,0,0,0,0
5637,L52816,L,302.6,312.0,1447,45.5,173,0,0,0,0,0
7155,L54334,L,300.3,310.1,1483,39.9,174,0,0,0,0,0
8425,L55604,L,299.1,310.6,1380,44.7,170,0,0,0,0,0
6611,L53790,L,301.5,310.4,1543,34.0,55,0,0,0,0,0
2711,L49890,L,299.6,309.1,1574,39.2,83,0,0,0,0,0
8731,H38144,H,297.3,308.7,1569,33.9,93,0,0,0,0,0
3202,L50381,L,300.2,309.1,1479,47.0,22,0,0,0,0,0
4350,L51529,L,301.9,309.7,1595,31.4,133,0,0,0,0,0
4139,L51318,L,301.7,310.2,1311,57.4,40,0,1,0,0,0
1885,M16744,M,298.0,307.6,1792,26.0,119,0,0,0,0,0
8640,L55819,L,297.5,308.4,1384,56.0,73,0,0,0,0,0
4486,L51665,L,302.7,310.4,1542,35.7,38,0,0,0,0,0
2495,L49674,L,299.1,308.8,1329,53.6,207,0,0,0,1,0
5948,M20807,M,300.7,310.8,1465,45.2,92,0,0,0,0,0
3037,L50216,L,300.4,309.6,1319,48.1,26,0,0,0,0,0
5778,L52957,L,301.6,311.1,1408,44.4,106,0,0,0,0,0
3604,L50783,L,301.7,310.7,1542,40.0,188,0,0,0,0,0
846,L48025,L,296.3,307.3,1439,41.5,208,0,0,0,0,0
543,L47722,L,297.5,309.4,1803,24.7,98,0,0,0,0,0
3725,M18584,M,302.3,311.2,1507,47.7,70,0,0,0,0,0
4188,M19047,M,302.2,310.7,1601,33.0,166,0,0,0,0,0
3680,L50859,L,302.2,311.5,1725,34.0,170,0,0,0,0,0
8900,M23759,M,297.3,308.5,1710,27.7,138,0,0,0,0,0
7968,M22827,M,301.0,312.2,1629,32.6,69,0,0,0,0,0
8486,L55665,L,298.4,309.5,1450,47.9,112,0,0,0,0,0
6076,L53255,L,301.0,310.9,1813,28.5,197,0,0,0,0,0
7341,L54520,L,299.7,310.3,1386,46.6,2,0,0,0,0,0
8226,L55405,L,299.1,310.5,1532,36.6,62,0,0,0,0,0
7247,L54426,L,299.9,310.1,1681,29.1,197,0,0,0,0,0
9711,L56890,L,299.1,310.1,1336,61.3,94,0,0,0,0,0
8291,M23150,M,298.9,310.6,1679,35.8,14,0,0,0,0,0
7138,M21997,M,300.6,310.0,1486,41.2,127,0,0,0,0,0
2965,L50144,L,300.7,309.5,1692,30.3,64,0,0,0,0,0
7560,M22419,M,300.4,311.4,1355,56.2,122,0,0,0,0,0
2530,M17389,M,298.8,308.6,1571,33.7,61,0,0,0,0,0
7285,M22144,M,300.1,310.3,1345,57.1,71,0,0,0,0,0
5773,L52952,L,301.6,311.3,1706,29.9,93,0,0,0,0,0
1049,L48228,L,296.5,307.6,1607,33.5,104,0,0,0,0,0
7046,M21905,M,300.7,310.6,1609,27.6,108,0,0,0,0,0
1961,L49140,L,297.8,307.6,1446,51.4,105,0,0,0,0,0
2531,L49710,L,298.9,308.7,1438,51.7,64,0,0,0,0,0
9049,M23908,M,297.3,308.4,1370,50.5,71,0,0,0,0,0
7604,L54783,L,300.4,311.2,1406,43.6,22,0,0,0,0,0
6525,L53704,L,301.1,310.4,1874,24.8,47,0,0,0,0,0
238,M15097,M,298.0,308.1,1552,36.6,190,0,0,0,0,0
4918,M19777,M,303.4,312.2,1561,38.2,45,0,0,0,0,0
6480,L53659,L,300.6,309.8,1418,42.7,147,0,0,0,0,0
1134,M15993,M,296.8,307.9,1418,47.9,127,0,0,0,0,0
6977,L54156,L,300.6,310.9,1344,46.7,133,0,0,0,0,0
5902,L53081,L,301.0,310.7,1464,45.8,184,0,0,0,0,0
9058,M23917,M,297.3,308.4,1686,34.5,97,0,0,0,0,0
4260,L51439,L,302.7,311.2,1545,35.1,128,0,0,0,0,0
8841,M23700,M,297.3,308.7,1542,37.0,184,0,0,0,0,0
6966,L54145,L,300.7,311.0,1312,52.1,107,0,0,0,0,0
9980,L57159,L,298.5,308.3,1334,49.8,186,0,0,0,0,0
793,L47972,L,296.8,307.8,1373,42.9,74,0,0,0,0,0
1986,L49165,L,298.1,307.7,1537,40.8,169,0,0,0,0,0
5657,M20516,M,302.3,311.5,1316,47.2,4,0,0,0,0,0
8740,H38153,H,297.4,308.7,1429,37.6,118,0,0,0,0,0
7936,M22795,M,300.8,311.9,1356,44.3,214,0,0,0,0,0
6098,H35511,H,300.9,310.8,1477,38.4,31,0,0,0,0,0
5908,H35321,H,300.8,310.4,1419,46.4,200,0,0,0,0,0
7374,L54553,L,299.6,310.1,1553,38.0,83,0,0,0,0,0
8129,L55308,L,300.1,311.4,1629,31.3,41,0,0,0,0,0
2979,H32392,H,300.5,309.4,1642,36.2,103,0,0,0,0,0
8862,L56041,L,297.9,309.1,1619,34.7,33,0,0,0,0,0
9302,M24161,M,298.1,308.9,1459,50.3,115,0,0,0,0,0
6722,L53901,L,301.4,310.7,1280,61.0,106,0,0,0,0,0
7843,L55022,L,300.1,311.5,1659,31.1,203,0,0,0,0,0
5525,L52704,L,302.6,311.9,1633,30.9,89,0,0,0,0,0
8722,L55901,L,297.2,308.7,1669,30.7,72,0,0,0,0,0
8432,H37845,H,298.9,310.1,1324,54.6,185,0,0,0,0,0
9009,M23868,M,297.4,308.0,1440,42.4,190,0,0,0,0,0
8604,H38017,H,297.3,308.0,1384,49.1,206,0,0,0,0,0
7175,L54354,L,300.2,310.2,1530,48.5,15,0,0,0,0,0
3920,H33333,H,302.5,311.5,1655,32.3,142,0,0,0,0,0
3139,L50318,L,300.4,309.9,1376,43.5,74,0,0,0,0,0
9417,M24276,M,298.1,308.5,1463,45.9,3,0,0,0,0,0
9934,L57113,L,298.3,308.3,1597,32.4,69,0,0,0,0,0
5790,M20649,M,301.8,311.5,1416,49.0,136,0,0,0,0,0
4074,M18933,M,301.9,310.6,1412,46.5,89,0,0,0,0,0
3288,M18147,M,301.2,310.1,1558,32.6,34,0,0,0,0,0
3230,L50409,L,300.6,309.4,1442,43.2,96,0,0,0,0,0
1827,H31240,H,297.8,307.3,1516,40.1,166,0,0,0,0,0
5549,L52728,L,302.3,311.8,1605,35.2,152,0,0,0,0,0
594,L47773,L,297.5,309.6,1312,50.7,0,0,0,0,0,0
2726,L49905,L,299.8,309.4,1555,34.8,122,0,0,0,0,0
4138,L51317,L,301.7,310.1,1384,50.5,38,0,0,0,0,0
561,L47740,L,297.5,309.4,1318,58.2,146,0,0,0,0,0
7407,L54586,L,299.8,310.9,1545,40.7,166,0,0,0,0,0
8807,L55986,L,297.4,308.5,1692,34.3,83,0,0,0,0,0
8387,M23246,M,298.9,309.9,1501,37.1,70,0,0,0,0,0
244,L47423,L,298.0,308.2,1442,44.1,204,0,0,0,0,0
7269,L54448,L,300.5,310.6,1543,36.2,30,0,0,0,0,0
5436,M20295,M,303.0,312.5,1524,42.1,76,0,0,0,0,0
4438,L51617,L,302.4,310.2,1578,31.2,139,0,0,0,0,0
9685,H39098,H,298.9,309.9,1376,51.0,32,0,0,0,0,0
8107,M22966,M,300.4,312.0,1596,30.4,191,0,0,0,0,0
406,L47585,L,297.3,308.5,1350,57.6,186,0,0,0,0,0
1443,M16302,M,298.8,310.0,1486,38.5,55,0,0,0,0,0
262,L47441,L,298.1,308.2,1654,32.1,25,0,0,0,0,0
4407,L51586,L,302.5,310.3,1326,58.5,55,0,1,0,0,0
7634,L54813,L,300.4,311.5,1441,44.6,96,0,0,0,0,0
9534,L56713,L,299.2,310.5,1705,29.5,95,0,0,0,0,0
1690,L48869,L,297.9,307.5,1561,37.7,16,0,0,0,0,0
9867,L57046,L,299.0,309.9,1630,34.0,92,0,0,0,0,0
1726,M16585,M,298.3,307.8,1392,50.4,101,0,0,0,0,0
8995,M23854,M,297.1,307.9,1980,20.3,159,0,0,0,0,0
4931,L52110,L,303.4,312.3,1663,33.9,78,0,0,0,0,0
5963,L53142,L,300.5,310.8,1728,26.3,125,0,0,0,0,0
2497,M17356,M,299.2,308.9,1573,37.4,212,0,0,0,0,0
9015,M23874,M,297.2,308.1,1340,61.3,207,0,0,0,1,0
6905,M21764,M,300.9,311.5,1704,31.3,159,0,0,0,0,0
6107,L53286,L,300.9,311.0,1432,48.1,59,0,0,0,0,0
8201,L55380,L,299.3,310.8,1426,42.4,0,0,0,0,0,0
341,L47520,L,297.4,308.1,1474,39.4,20,0,0,0,0,0
2409,L49588,L,299.0,308.4,1356,52.6,188,0,0,0,0,0
1602,L48781,L,297.8,307.8,1597,38.2,11,0,0,0,0,0
9865,M24724,M,298.9,309.9,1645,31.4,86,0,0,0,0,0
8360,M23219,M,298.6,309.6,1525,42.4,2,0,0,0,0,0
5783,L52962,L,301.7,311.1,1455,39.8,118,0,0,0,0,0
4577,M19436,M,302.9,311.1,1926,21.8,58,0,0,0,0,0
7972,L55151,L,301.0,312.1,1405,46.1,79,0,0,0,0,0
3726,H33139,H,302.3,311.1,1543,37.5,73,0,0,0,0,0
2557,M17416,M,299.3,309.1,1449,47.9,131,0,0,0,0,0
2786,L49965,L,300.2,309.5,1495,32.6,49,0,0,0,0,0
1524,L48703,L,298.3,309.0,1519,36.9,41,0,0,0,0,0
7718,L54897,L,300.5,311.6,1365,53.0,85,0,0,0,0,0
2508,H31921,H,299.2,309.1,1410,47.1,9,0,0,0,0,0
2832,M17691,M,300.3,309.2,1490,47.9,163,0,0,0,0,0
1013,M15872,M,296.1,307.1,1433,38.5,14,0,0,0,0,0
5281,L52460,L,303.6,312.9,1480,41.4,135,0,0,0,0,0
4896,M19755,M,303.8,312.4,1597,33.4,203,0,0,0,0,0
1767,M16626,M,298.3,307.7,1717,27.1,7,0,0,0,0,0
4552,M19411,M,302.6,310.5,1524,33.7,204,0,0,0,0,0
7122,M21981,M,300.9,310.4,1375,44.7,87,0,0,0,0,0
6550,H35963,H,301.3,310.6,1527,44.0,114,0,0,0,0,0
4038,M18897,M,302.0,310.8,1609,35.2,4,0,0,0,0,0
8271,M23130,M,299.1,310.8,1517,38.4,185,0,0,0,0,0
149,M15008,M,298.3,308.3,1379,48.0,181,0,0,0,0,0
286,L47465,L,298.2,308.3,1568,36.0,92,0,0,0,0,0
7801,M22660,M,300.1,311.4,1524,40.6,98,0,0,0,0,0
9652,M24511,M,299.1,310.0,1580,36.0,195,0,0,0,0,0
364,L47543,L,297.6,308.3,1438,47.8,84,0,0,0,0,0
5368,M20227,M,303.1,312.5,1766,26.7,157,0,0,0,0,0
9946,L57125,L,298.3,308.0,1578,37.8,101,0,0,0,0,0
8411,L55590,L,298.5,309.5,1548,44.5,132,0,0,0,0,0
9454,H38867,H,298.2,309.0,1360,56.8,107,0,0,0,0,0
4726,M19585,M,303.4,311.8,1515,42.6,204,0,0,0,0,0
7272,M22131,M,300.3,310.4,1293,49.7,37,0,0,0,0,0
6771,M21630,M,301.3,310.8,1509,40.1,25,0,0,0,0,0
4444,L51623,L,302.5,310.3,1405,57.4,152,0,0,0,0,0
7447,L54626,L,300.2,311.8,1379,51.0,46,0,0,0,0,0
237,L47416,L,298.1,308.3,1495,38.7,188,0,0,0,0,0
7710,L54889,L,300.5,311.4,1445,41.5,66,0,0,0,0,0
9586,M24445,M,299.3,310.5,1563,42.1,19,0,0,0,0,0
2563,L49742,L,299.3,309.1,1551,39.1,147,0,0,0,0,0
7124,M21983,M,300.9,310.4,1576,40.4,92,0,0,0,0,0
8537,M23396,M,298.6,309.5,1426,45.4,38,0,0,0,0,0
9603,L56782,L,298.9,310.2,1705,32.5,63,0,0,0,0,0
5520,L52699,L,302.5,311.9,1452,47.4,77,0,0,0,0,0
9614,L56793,L,299.0,310.2,1377,62.5,92,0,0,1,0,0
3084,L50263,L,300.1,309.3,1712,28.5,141,0,0,0,0,0
2960,M17819,M,300.7,309.4,1589,35.0,52,0,0,0,0,0
2103,L49282,L,299.3,309.3,1325,62.0,47,0,0,0,0,0
633,H30046,H,298.3,310.0,1419,47.1,105,0,0,0,0,0
6814,M21673,M,300.9,310.7,1420,43.0,133,0,0,0,0,0
2494,M17353,M,299.0,308.8,1418,45.7,204,0,0,0,0,0
2666,L49845,L,299.8,309.4,2256,15.9,201,0,0,0,0,0
8495,L55674,L,298.3,309.5,1542,36.7,134,0,0,0,0,0
8426,L55605,L,299.2,310.6,1567,38.4,172,0,0,0,0,0
9267,L56446,L,298.2,308.9,1737,25.5,26,0,0,0,0,0
4212,L51391,L,302.1,310.7,1314,52.8,8,0,1,0,0,0
3875,L51054,L,302.6,311.7,1254,54.1,19,0,0,0,0,0
2818,L49997,L,300.2,309.5,1417,41.1,129,0,0,0,0,0
8269,M23128,M,299.2,310.8,1502,39.8,177,0,0,0,0,0
9816,M24675,M,298.4,309.1,1576,38.8,167,0,0,0,0,0
7427,M22286,M,300.0,311.4,1692,29.0,216,1,0,0,0,0
8603,L55782,L,297.4,308.1,1729,31.7,204,0,0,0,0,0
8476,M23335,M,298.5,309.7,1557,37.7,86,0,0,0,0,0
1736,L48915,L,298.4,308.0,1380,47.6,130,0,0,0,0,0
7398,L54577,L,299.7,310.6,1737,26.1,144,0,0,0,0,0
4256,M19115,M,302.5,311.0,1387,52.1,116,0,0,0,0,0
8289,M23148,M,298.8,310.6,1640,33.8,9,0,0,0,0,0
2476,L49655,L,298.9,308.5,1459,43.1,147,0,0,0,0,0
9985,H39398,H,298.7,308.4,1432,42.8,197,0,0,0,0,0
3714,L50893,L,302.3,311.5,1565,35.6,41,0,0,0,0,0
8979,L56158,L,296.9,307.6,1435,45.0,119,0,0,0,0,0
1805,L48984,L,298.1,307.7,1495,48.1,111,0,0,0,0,0
708,L47887,L,297.7,308.9,1838,27.3,99,0,0,0,0,0
9192,M24051,M,297.9,309.0,1970,21.6,37,0,0,0,0,0
5190,M20049,M,304.1,313.2,1427,46.9,123,0,0,0,0,0
5473,L52652,L,302.8,312.3,1386,57.8,172,0,0,0,0,0
73,L47252,L,298.9,309.1,1369,44.4,198,0,0,0,0,0
7844,M22703,M,300.1,311.7,1400,48.5,205,0,0,0,0,0
5102,M19961,M,304.1,313.4,1518,42.4,105,0,0,0,0,0
6765,L53944,L,301.4,310.9,1536,38.3,9,0,0,0,0,0
1126,M15985,M,296.7,307.8,1375,51.4,108,0,0,0,0,0
1242,M16101,M,297.1,308.5,1621,32.4,194,0,0,0,0,0
8254,L55433,L,299.1,310.4,1657,31.0,129,0,0,0,0,0
2350,M17209,M,299.3,308.5,1386,42.2,30,0,0,0,0,0
6603,L53782,L,301.5,310.6,1374,46.7,32,0,0,0,0,0
6781,L53960,L,301.3,310.8,1560,38.5,52,0,0,0,0,0
4359,H33772,H,302.0,309.9,1606,34.5,156,0,0,0,0,0
1344,L48523,L,298.5,310.2,1676,32.7,18,0,0,0,0,0
9989,L57168,L,298.9,308.6,1771,24.1,213,0,0,0,0,0
8680,L55859,L,297.3,308.5,1456,54.2,179,0,0,0,0,0
9576,M24435,M,299.6,310.8,1603,35.4,202,0,0,0,0,0
6653,H36066,H,301.5,310.4,1580,35.7,161,0,0,0,0,0
1101,H30514,H,296.8,307.5,1695,30.0,33,0,0,0,0,0
7328,M22187,M,299.9,310.5,1576,39.4,183,0,0,0,0,0
7623,M22482,M,300.6,311.6,1473,31.5,69,0,0,0,0,0
988,M15847,M,296.3,307.1,1534,33.8,151,0,0,0,0,0
2853,M17712,M,300.5,309.4,1347,50.1,213,0,0,0,0,0
631,L47810,L,298.3,310.0,1460,47.6,101,0,0,0,0,0
1250,L48429,L,297.3,308.7,1467,36.8,216,0,0,0,0,0
3180,L50359,L,300.1,309.3,1570,36.8,189,0,0,0,0,0
483,L47662,L,297.3,309.0,1548,37.4,171,0,0,0,0,0
3041,L50220,L,300.3,309.5,1474,38.7,35,0,0,0,0,0
5011,L52190,L,303.7,312.8,1543,38.3,61,0,0,0,0,0
8728,L55907,L,297.2,308.7,1501,38.5,86,0,0,0,0,0
7001,M21860,M,300.6,310.6,1463,45.5,196,0,0,0,0,0
3274,M18133,M,301.3,309.9,1565,36.0,213,0,0,0,0,0
7228,L54407,L,299.7,309.6,1720,27.1,146,0,0,0,0,0
3684,M18543,M,302.0,311.2,1558,39.1,179,0,0,0,0,0
6675,L53854,L,301.5,310.7,1618,35.5,218,0,0,0,0,0
6808,L53987,L,301.0,310.8,1549,41.4,121,0,0,0,0,0
9739,L56918,L,299.0,310.0,1509,38.0,168,0,0,0,0,0
1317,L48496,L,299.0,310.3,1507,36.7,173,0,0,0,0,0
3226,L50405,L,300.6,309.4,1474,40.7,87,0,0,0,0,0
1073,M15932,M,297.0,307.9,1414,46.2,165,0,0,0,0,0
4816,H34229,H,303.4,311.9,1534,33.2,210,0,0,0,0,0
8460,L55639,L,298.7,309.9,1651,29.5,42,0,0,0,0,0
5753,H35166,H,302.3,311.8,1804,25.0,43,0,0,0,0,0
9146,L56325,L,297.6,308.5,1574,37.1,121,0,0,0,0,0
4617,L51796,L,303.1,311.4,1829,24.5,159,0,0,0,0,0
3098,M17957,M,299.9,309.2,1353,49.8,182,0,0,0,0,0
6870,L54049,L,301.0,311.2,1412,42.1,64,0,0,0,0,0
1301,L48480,L,298.7,309.8,1322,57.0,140,0,0,0,0,0
7286,M22145,M,300.2,310.4,1202,61.7,74,0,0,0,0,0
6285,M21144,M,301.2,310.8,1734,31.3,64,0,0,0,0,0
5496,H34909,H,302.9,312.5,1357,55.0,12,0,0,0,0,1
5292,L52471,L,303.8,313.3,1406,52.1,166,0,0,0,0,0
1799,M16658,M,298.0,307.5,1431,52.9,92,0,0,0,0,0
5204,M20063,M,303.7,312.6,1671,30.5,163,0,0,0,0,0
8228,M23087,M,299.1,310.4,1524,51.4,66,0,0,0,0,0
5048,M19907,M,304.1,313.3,1680,29.3,158,0,0,0,0,0
6442,L53621,L,300.7,310.2,1639,31.4,48,0,0,0,0,0
8106,L55285,L,300.4,311.9,1476,48.7,189,0,0,0,0,0
2360,L49539,L,299.3,308.5,1413,38.5,57,0,0,0,0,0
9381,L56560,L,297.4,308.1,1435,45.7,110,0,0,0,0,0
3655,L50834,L,302.1,311.4,1603,35.9,104,0,0,0,0,0
7053,H36466,H,300.6,310.4,1510,42.8,124,0,0,0,0,0
1287,L48466,L,298.5,309.6,1582,40.3,103,0,0,0,0,0
9127,L56306,L,297.4,308.5,1477,40.7,74,0,0,0,0,0
4446,L51625,L,302.5,310.2,1716,29.9,156,0,0,0,0,0
2138,L49317,L,299.3,308.9,1623,31.1,152,0,0,0,0,0
6788,H36201,H,301.1,310.6,1388,58.5,68,0,0,0,0,0
9753,L56932,L,298.6,309.8,1561,32.6,201,0,0,0,0,0
8511,L55690,L,298.3,309.7,1484,44.3,173,0,0,0,0,0
9540,L56719,L,299.4,310.8,1424,47.7,109,0,0,0,0,0
6895,L54074,L,301.1,311.7,1408,46.3,135,0,0,0,0,0
8570,L55749,L,297.9,308.6,1757,27.5,118,0,0,0,0,0
7152,H36565,H,300.2,309.9,1906,22.9,165,0,0,0,0,0
964,L48143,L,295.8,306.6,1621,31.6,95,0,0,0,0,0
6013,H35426,H,300.8,310.9,1425,44.0,33,0,0,0,0,0
4883,L52062,L,303.7,312.5,1462,46.2,165,0,0,0,0,0
141,L47320,L,298.8,308.6,1511,36.1,157,0,0,0,0,0
9033,L56212,L,297.4,308.3,1723,28.8,33,0,0,0,0,0
6937,L54116,L,300.6,311.1,1471,40.7,26,0,0,0,0,0
6543,L53722,L,301.4,310.8,1543,36.9,97,0,0,0,0,0
5244,L52423,L,303.7,313.1,1721,34.8,50,0,0,0,0,0
4432,H33845,H,302.3,310.2,1443,54.6,120,0,0,0,0,0
407,L47586,L,297.4,308.6,1439,51.9,188,0,0,0,0,0
8213,H37626,H,299.2,310.5,1329,48.9,30,0,0,0,0,0
8377,L55556,L,298.8,309.8,1334,49.3,42,0,0,0,0,0
8628,L55807,L,297.4,308.3,1347,45.8,43,0,0,0,0,0
8235,L55414,L,299.2,310.6,1534,39.7,83,0,0,0,0,0
4400,L51579,L,302.3,310.1,1653,29.7,34,0,0,0,0,0
5253,L52432,L,303.5,313.0,1322,59.5,71,0,0,0,0,0
12,H29425,H,298.6,309.1,1423,44.3,29,0,0,0,0,0
4761,L51940,L,303.6,311.7,1546,38.5,64,0,0,0,0,0
1178,M16037,M,297.2,308.3,1604,39.4,9,0,0,0,0,0
2864,L50043,L,300.6,309.4,1471,44.1,244,0,0,0,0,0
6472,L53651,L,300.4,309.6,1523,38.5,124,0,0,0,0,0
6229,L53408,L,301.2,310.9,1413,50.1,141,0,0,0,0,0
2990,L50169,L,300.6,309.8,1502,42.4,133,0,0,0,0,0
7118,L54297,L,300.9,310.5,1570,40.1,79,0,0,0,0,0
7011,M21870,M,300.5,310.5,1469,42.9,14,0,0,0,0,0
8558,L55737,L,298.3,309.0,1471,48.3,91,0,0,0,0,0
1441,M16300,M,298.8,309.9,1741,27.7,50,0,0,0,0,0
9748,L56927,L,298.8,310.1,1481,47.4,187,0,0,0,0,0
2876,M17735,M,300.5,309.4,1877,23.8,31,0,0,0,0,0
9099,L56278,L,297.3,308.1,1468,49.8,0,0,0,0,0,0
8789,L55968,L,297.4,308.5,1369,53.2,43,0,0,0,0,0
7233,M22092,M,299.9,309.9,1639,42.1,159,0,0,0,0,0
3727,M18586,M,302.3,311.2,1505,36.7,78,0,0,0,0,0
2773,L49952,L,299.9,309.4,1467,41.2,20,0,0,0,0,0
455,L47634,L,297.4,308.7,1468,46.6,94,0,0,0,0,0
8190,L55369,L,299.7,311.0,1983,21.0,201,0,0,0,0,0
1368,M16227,M,298.8,310.2,1581,37.5,75,0,0,0,0,0
3713,L50892,L,302.3,311.5,1543,33.1,39,0,0,0,0,0
9853,L57032,L,298.6,309.4,1316,51.4,52,0,0,0,0,0
1389,H30802,H,298.9,310.1,1491,45.3,133,0,0,0,0,0
1001,L48180,L,296.3,307.1,1654,29.6,188,0,0,0,0,0
7762,H37175,H,300.4,311.6,1715,30.8,203,0,0,0,0,0
3554,M18413,M,301.8,310.8,1618,37.8,59,0,0,0,0,0
4115,L51294,L,302.0,310.6,1358,53.1,194,0,0,0,0,0
1668,L48847,L,298.2,307.9,1769,27.2,188,0,0,0,0,0
3174,L50353,L,300.3,309.6,1624,32.6,175,0,0,0,0,0
9398,M24257,M,297.7,308.2,1370,53.4,162,0,0,0,0,0
489,L47668,L,297.4,309.2,1584,42.8,186,0,0,0,0,0
3231,L50410,L,300.6,309.4,1556,36.0,98,0,0,0,0,0
3829,M18688,M,302.3,310.8,1762,27.8,127,0,0,0,0,0
8652,M23511,M,297.4,308.4,1564,35.0,105,0,0,0,0,0
5209,L52388,L,303.8,312.7,1664,29.3,178,0,0,0,0,0
7849,H37262,H,300.2,311.6,1547,37.7,217,0,0,0,0,0
5705,L52884,L,302.5,311.8,1335,52.7,135,0,0,0,0,0
9640,L56819,L,299.3,310.4,1725,26.8,167,0,0,0,0,0
8134,L55313,L,299.8,311.1,1466,46.1,58,0,0,0,0,0
704,H30117,H,297.7,308.9,1479,40.9,87,0,0,0,0,0
5106,L52285,L,304.1,313.4,1374,56.6,115,0,0,0,0,0
8894,L56073,L,297.5,308.7,1371,46.5,121,0,0,0,0,0
3292,M18151,M,301.2,310.1,1479,45.5,44,0,0,0,0,0
8126,L55305,L,300.2,311.4,1452,47.8,34,0,0,0,0,0
9632,L56811,L,299.0,310.0,1672,33.2,144,0,0,0,0,0
9022,M23881,M,297.4,308.2,1536,34.6,4,0,0,0,0,0
4910,L52089,L,303.5,312.4,1481,43.7,20,0,0,0,0,0
4441,L51620,L,302.5,310.3,1446,44.0,146,0,0,0,0,0
987,H30400,H,296.4,307.1,1638,32.5,146,0,0,0,0,0
9237,L56416,L,298.1,308.7,1556,31.6,145,0,0,0,0,0
9884,H39297,H,298.7,309.6,1654,34.3,136,0,0,0,0,0
7706,L54885,L,300.5,311.5,1316,49.7,55,0,0,0,0,0
6258,L53437,L,301.1,310.7,1376,49.1,0,0,0,0,0,0
6090,L53269,L,300.9,310.7,1509,37.5,12,0,0,0,0,0
5239,L52418,L,303.7,313.0,1457,44.1,40,0,0,0,0,0
1199,H30612,H,296.9,307.9,1557,36.5,63,0,0,0,0,0
9071,L56250,L,297.1,308.2,1427,45.2,136,0,0,0,0,0
7520,L54699,L,300.2,311.6,1999,21.0,19,0,0,0,0,0
6813,L53992,L,300.9,310.6,1350,53.8,131,0,0,0,0,0
8321,M23180,M,298.8,309.7,1453,47.7,101,0,0,0,0,0
7176,L54355,L,300.1,310.1,1569,43.5,17,0,0,0,0,0
4471,L51650,L,302.7,310.6,1564,34.3,0,0,0,0,0,0
892,L48071,L,295.7,306.1,1408,47.9,117,0,0,0,0,0
1970,H31383,H,297.8,307.5,1631,31.3,124,0,0,0,0,0
5758,L52937,L,301.9,311.3,1366,55.6,57,0,0,0,0,0
6528,L53707,L,301.2,310.4,1516,44.4,53,0,0,0,0,0
6295,L53474,L,301.1,310.5,1529,38.7,91,0,0,0,0,0
7596,H37009,H,300.5,311.2,1397,45.2,2,0,0,0,0,0
3250,L50429,L,301.1,309.8,1493,38.9,149,0,0,0,0,0
6571,L53750,L,301.4,310.6,1634,31.1,171,0,0,0,0,0
6639,L53818,L,301.5,310.5,1453,44.2,129,0,0,0,0,0
7352,L54531,L,299.7,310.2,1458,43.4,28,0,0,0,0,0
9173,L56352,L,297.7,308.9,1715,27.2,193,0,0,0,0,0
7474,M22333,M,300.3,311.6,1304,62.8,118,0,0,0,0,0
9602,L56781,L,298.9,310.1,2109,18.0,61,0,0,0,0,0
8674,L55853,L,297.4,308.6,1494,42.6,161,0,0,0,0,0
1240,H30653,H,297.2,308.5,1482,39.3,187,0,0,0,0,0
2290,L49469,L,299.4,308.7,1504,37.8,112,0,0,0,0,0
2741,L49920,L,299.6,309.0,1525,42.8,160,0,0,0,0,0
4586,L51765,L,302.8,311.1,1563,32.2,78,0,0,0,0,0
1230,L48409,L,297.1,308.4,1304,53.5,153,0,0,0,0,0
6981,L54160,L,300.8,311.3,1505,45.5,141,0,0,0,0,0
5179,H34592,H,304.0,313.2,1517,43.1,96,0,0,0,0,0
4294,L51473,L,301.8,310.0,1393,44.9,208,0,0,0,0,0
1059,L48238,L,296.7,307.8,1605,31.3,128,0,0,0,0,0
6263,L53442,L,301.0,310.6,1641,33.4,12,0,0,0,0,0
282,L47461,L,298.1,308.0,1626,36.5,83,0,0,0,0,0
969,L48148,L,295.9,306.7,1547,40.9,107,0,0,0,0,0
3954,M18813,M,302.3,311.4,1484,39.5,22,0,0,0,0,0
1940,M16799,M,298.1,307.9,1303,53.9,52,0,0,0,0,0
8465,H37878,H,298.6,309.7,1672,27.5,54,0,0,0,0,0
1275,H30688,H,298.1,309.5,1530,40.2,65,0,0,0,0,0
620,L47799,L,298.3,310.0,1507,44.7,73,0,0,0,0,0
8506,L55685,L,298.4,309.7,1530,38.6,161,0,0,0,0,0
1743,L48922,L,298.5,308.0,1379,49.6,152,0,0,0,0,0
1391,L48570,L,298.9,310.2,1409,54.8,140,0,0,0,0,0
2204,L49383,L,299.8,309.0,1614,30.8,100,0,0,0,0,0
3569,L50748,L,301.8,310.6,1372,54.7,95,0,0,0,0,0
6117,L53296,L,300.8,310.9,1453,43.9,84,0,0,0,0,0
9971,H39384,H,298.4,308.1,1891,24.7,158,0,0,0,0,0
6053,L53232,L,300.9,311.0,2003,20.2,138,0,0,0,0,0
3179,M18038,M,300.2,309.4,1329,53.6,186,0,0,0,0,0
3193,M18052,M,300.1,309.2,1418,39.8,221,0,0,0,0,0
6100,H35513,H,300.9,310.7,1609,28.7,39,0,0,0,0,0
7030,L54209,L,300.6,310.6,1454,39.7,67,0,0,0,0,0
576,M15435,M,297.9,309.9,1410,55.4,188,0,0,0,0,0
6657,M21516,M,301.4,310.4,1553,44.7,173,0,0,0,0,0
7116,M21975,M,301.0,310.6,1460,53.6,74,0,0,0,0,0
8803,L55982,L,297.4,308.6,1524,43.1,73,0,0,0,0,0
6277,L53456,L,301.2,310.8,1233,64.6,45,0,0,0,0,0
8985,L56164,L,297.1,307.8,1406,60.4,133,0,0,0,0,0
5898,M20757,M,301.0,310.7,1517,40.2,171,0,0,0,0,0
5725,L52904,L,302.3,311.8,1433,50.3,183,0,0,0,0,0
270,L47449,L,298.0,308.0,1524,37.0,49,0,0,0,0,0
630,L47809,L,298.3,310.1,1523,45.9,99,0,0,0,0,0
3082,M17941,M,300.0,309.3,1932,21.8,135,0,0,0,0,0
3467,L50646,L,301.7,310.6,1447,56.9,47,0,0,0,0,0
6431,L53610,L,300.3,309.8,1523,39.2,24,0,0,0,0,0
9312,L56491,L,298.4,309.4,1540,43.2,141,0,0,0,0,0
7063,M21922,M,300.6,310.4,1407,51.1,157,0,0,0,0,0
9728,L56907,L,298.8,309.8,1461,39.4,141,0,0,0,0,0
5544,L52723,L,302.4,311.8,1255,59.0,138,0,0,0,0,0
4357,L51536,L,302.0,309.8,1649,31.0,152,0,0,0,0,0
2114,L49293,L,299.5,309.1,1863,22.5,79,0,0,0,0,0
8220,L55399,L,299.0,310.4,1504,34.3,48,0,0,0,0,0
3217,L50396,L,300.5,309.5,1653,27.6,62,0,0,0,0,0
3815,M18674,M,302.1,310.6,1326,59.1,88,0,1,0,0,0
8322,L55501,L,298.8,309.6,1442,50.0,104,0,0,0,0,0
8590,M23449,M,297.3,307.8,1538,48.0,171,0,0,0,0,0
2279,M17138,M,299.3,308.7,1459,35.6,87,0,0,0,0,0
4600,L51779,L,303.1,311.1,1420,55.8,113,0,0,0,0,0
14,M14873,M,298.6,309.2,1742,30.0,37,0,0,0,0,0
9226,L56405,L,298.0,309.1,1820,23.6,120,0,0,0,0,0
1526,L48705,L,298.2,309.0,2449,13.8,45,0,0,0,0,0
2366,L49545,L,299.4,308.5,1845,22.9,76,0,0,0,0,0
4649,L51828,L,303.3,311.4,1630,32.5,2,0,0,0,0,0
375,L47554,L,297.4,308.3,1431,43.0,113,0,0,0,0,0
8522,L55701,L,298.4,309.5,1376,50.4,202,0,0,0,0,0
6478,L53657,L,300.5,309.7,1841,24.6,143,0,0,0,0,0
526,L47705,L,297.4,309.4,1466,45.5,53,0,0,0,0,0
6896,M21755,M,301.0,311.6,1357,45.6,137,0,0,0,0,0
3592,M18451,M,301.7,310.5,1458,41.4,153,0,0,0,0,0
7905,M22764,M,300.8,312.4,1811,25.1,136,0,0,0,0,0
2959,M17818,M,300.8,309.5,1481,44.5,49,0,0,0,0,0
530,L47709,L,297.6,309.5,1569,36.2,63,0,0,0,0,0
3715,M18574,M,302.3,311.4,1855,23.9,43,0,0,0,0,0
4733,L51912,L,303.3,311.7,1539,38.5,221,0,0,0,0,0
1395,L48574,L,299.1,310.4,1527,44.0,149,0,0,0,0,0
5632,L52811,L,302.8,312.2,1515,36.8,162,0,0,0,0,0
6564,L53743,L,301.5,310.7,1942,20.5,155,0,0,0,0,0
4704,M19563,M,303.6,311.8,1432,42.5,150,0,0,0,0,0
1713,L48892,L,298.3,307.9,1551,33.8,72,0,0,0,0,0
9756,H39169,H,298.5,309.7,1561,35.3,208,0,0,0,0,0
956,L48135,L,295.6,306.3,1911,20.9,74,0,0,0,0,0
6676,L53855,L,301.5,310.6,1579,28.0,220,0,0,0,0,0
3454,L50633,L,301.5,310.4,1425,54.4,7,0,0,0,0,0
2072,M16931,M,299.7,309.6,1313,60.0,186,0,0,0,0,0
9741,M24600,M,298.9,310.1,1655,31.5,172,0,0,0,0,0
159,M15018,M,298.4,308.2,1499,40.0,211,0,0,0,0,0
7006,M21865,M,300.6,310.7,1339,52.9,0,0,0,0,0,0
353,M15212,M,297.6,308.4,1507,46.0,51,0,0,0,0,0
6079,L53258,L,300.8,310.7,1339,59.1,203,0,0,0,1,0
6237,M21096,M,301.3,310.9,1512,36.9,159,0,0,0,0,0
2921,L50100,L,300.7,309.7,1598,33.7,149,0,0,0,0,0
4645,L51824,L,303.2,311.4,1514,41.2,230,0,0,0,0,0
662,M15521,M,297.6,309.0,1427,45.6,179,0,0,0,0,0
7058,L54237,L,300.8,310.6,1666,36.2,144,0,0,0,0,0
3666,M18525,M,302.4,311.8,1358,50.6,133,0,0,0,0,0
7980,M22839,M,301.2,312.4,1428,36.6,99,0,0,0,0,0
307,L47486,L,297.8,308.4,1374,47.1,150,0,0,0,0,0
4791,L51970,L,303.8,312.8,1443,40.7,145,0,0,0,0,0
2357,H31770,H,299.3,308.6,1498,39.5,47,0,0,0,0,0
1928,H31341,H,298.0,307.8,1314,47.8,19,0,0,0,0,0
9940,H39353,H,298.3,308.1,2636,12.8,84,0,0,0,0,0
3428,L50607,L,301.6,310.6,1562,34.4,162,0,0,0,0,0
3639,M18498,M,302.3,311.5,1445,44.8,65,0,0,0,0,0
1267,L48446,L,298.0,309.6,1633,34.8,41,0,0,0,0,0
1561,M16420,M,298.2,308.4,1510,39.9,134,0,0,0,0,0
7180,L54359,L,300.2,310.1,1523,42.3,25,0,0,0,0,0
4110,M18969,M,301.9,310.6,1475,47.8,179,0,0,0,0,0
7868,L55047,L,300.5,312.0,1461,38.1,39,0,0,0,0,0
4905,H34318,H,303.6,312.4,1480,50.7,2,0,0,0,0,0
7295,L54474,L,300.1,310.6,1809,24.3,97,0,0,0,0,0
515,L47694,L,297.4,309.2,1620,33.2,28,0,0,0,0,0
895,L48074,L,295.6,306.2,1426,48.6,124,0,0,0,0,0
22,L47201,L,298.8,309.3,1450,44.8,63,0,0,0,0,0
900,H30313,H,295.6,306.2,1329,55.3,135,0,0,0,0,0
208,M15067,M,298.4,308.7,1421,60.7,119,0,0,1,0,0
459,L47638,L,297.3,308.6,1486,42.6,105,0,0,0,0,0
2431,M17290,M,298.9,308.2,1335,47.8,40,0,0,0,0,0
8443,L55622,L,298.6,310.0,1517,39.0,4,0,0,0,0,0
3390,M18249,M,301.5,310.7,1416,53.2,69,0,0,0,0,0
3912,M18771,M,302.3,311.3,1339,50.8,123,0,0,0,0,0
5384,L52563,L,302.8,312.3,1504,40.3,204,0,0,0,0,0
553,M15412,M,297.4,309.3,1622,35.0,123,0,0,0,0,0
3145,M18004,M,300.6,310.0,1478,36.3,95,0,0,0,0,0
6918,L54097,L,301.0,311.4,1481,37.5,193,0,0,0,0,0
2057,L49236,L,299.5,309.3,1333,54.1,147,0,0,0,0,0
1926,L49105,L,297.9,307.7,1537,37.7,15,0,0,0,0,0
635,L47814,L,298.3,309.9,1507,41.6,112,0,0,0,0,0
6083,L53262,L,300.9,310.7,1352,46.4,212,0,0,0,0,0
9271,L56450,L,298.2,308.8,1302,60.4,34,0,0,0,0,0
9679,M24538,M,299.1,310.2,1711,28.1,17,0,0,0,0,0
106,L47285,L,298.8,308.7,1591,31.1,68,0,0,0,0,0
3042,L50221,L,300.4,309.5,1543,38.9,37,0,0,0,0,0
1710,L48889,L,298.2,307.8,1749,26.1,66,0,0,0,0,0
90,M14949,M,298.9,308.9,1487,39.5,30,0,0,0,0,0
7015,H36428,H,300.5,310.5,1403,47.7,24,0,0,0,0,0
3175,L50354,L,300.3,309.6,1600,34.6,177,0,0,0,0,0
918,L48097,L,295.3,305.7,1475,51.0,187,0,0,0,0,0
7834,L55013,L,300.0,311.4,1604,38.7,185,0,0,0,0,0
6733,L53912,L,301.7,311.0,1503,44.8,134,0,0,0,0,0
1950,M16809,M,298.1,308.0,1543,41.9,73,0,0,0,0,0
6369,M21228,M,300.0,309.6,1423,48.7,67,0,0,0,0,0
2,L47181,L,298.2,308.7,1408,46.3,3,0,0,0,0,0
8033,L55212,L,300.8,312.0,1416,46.5,7,0,0,0,0,0
6048,H35461,H,300.9,311.0,1853,23.6,122,0,0,0,0,0
2721,L49900,L,299.6,309.2,1559,39.1,110,0,0,0,0,0
9813,M24672,M,298.2,309.1,1411,45.8,157,0,0,0,0,0
3118,M17977,M,300.1,309.3,1469,43.9,20,0,0,0,0,0
9466,M24325,M,298.6,309.4,1460,43.8,138,0,0,0,0,0
3763,M18622,M,302.3,311.0,1526,37.7,171,0,0,0,0,0
214,L47393,L,298.4,308.7,1386,44.9,135,0,0,0,0,0
779,L47958,L,296.7,308.0,1580,32.2,39,0,0,0,0,0
3497,L50676,L,301.9,310.9,1309,48.0,124,0,0,0,0,0
8818,H38231,H,297.3,308.6,1376,53.5,112,0,0,0,0,0
2044,M16903,M,299.2,309.0,1597,30.3,115,0,0,0,0,0
5421,L52600,L,302.6,312.3,1512,34.2,44,0,0,0,0,0
6155,M21014,M,301.0,310.9,1765,24.2,179,0,0,0,0,0
8358,L55537,L,298.5,309.5,1385,46.3,203,1,0,0,0,0
8708,L55887,L,297.2,308.5,1471,41.7,41,0,0,0,0,0
8466,M23325,M,298.7,309.8,1475,40.5,59,0,0,0,0,0
4168,M19027,M,302.3,310.7,1559,33.9,119,0,0,0,0,0
3789,L50968,L,302.3,310.8,1511,48.1,24,0,0,0,0,0
584,H29997,H,297.7,309.6,1697,32.2,210,0,0,0,0,0
9912,M24771,M,298.6,309.0,1481,40.8,6,0,0,0,0,0
9987,M24846,M,298.8,308.6,1507,42.3,207,0,0,0,0,0
117,L47296,L,298.9,308.7,1564,34.1,99,0,0,0,0,0
6645,L53824,L,301.5,310.6,1565,43.9,142,0,0,0,0,0
9034,L56213,L,297.4,308.2,1386,41.0,35,0,0,0,0,0
9952,L57131,L,298.2,307.8,1355,59.4,115,0,0,0,0,0
8960,L56139,L,297.3,308.0,1420,46.5,73,0,0,0,0,0
1764,L48943,L,298.2,307.6,1511,31.0,209,1,0,0,0,0
1876,L49055,L,298.3,308.0,1363,50.1,96,0,0,0,0,0
3225,M18084,M,300.6,309.5,1557,33.8,84,0,0,0,0,0
527,L47706,L,297.6,309.5,1373,50.6,55,0,0,0,0,0
7726,L54905,L,300.6,311.7,1744,26.9,111,0,0,0,0,0
2947,M17806,M,300.7,309.5,1622,30.5,14,0,0,0,0,0
4474,L51653,L,302.7,310.5,1551,35.9,6,0,0,0,0,0
5656,L52835,L,302.3,311.5,1387,47.3,2,0,0,0,0,0
6060,L53239,L,300.9,311.0,2235,15.8,156,0,0,0,0,0
960,L48139,L,295.8,306.5,1505,35.2,86,0,0,0,0,0
6343,M21202,M,300.3,309.8,1444,42.0,3,0,0,0,0,0
3634,M18493,M,302.2,311.3,1521,40.6,52,0,0,0,0,0
1051,L48230,L,296.6,307.6,1671,28.8,108,0,0,0,0,0
3381,L50560,L,301.4,310.7,1590,36.3,43,0,0,0,0,0
3677,M18536,M,302.2,311.5,1562,38.0,162,0,0,0,0,0
5777,L52956,L,301.6,311.1,1325,49.2,104,0,0,0,0,0
9046,L56225,L,297.4,308.4,1603,34.6,65,0,0,0,0,0
6574,M21433,M,301.4,310.6,1855,25.3,178,0,0,0,0,0
5180,M20039,M,304.0,313.1,1450,42.8,101,0,0,0,0,0
1608,L48787,L,297.8,307.8,1412,48.3,27,0,0,0,0,0
3611,M18470,M,301.7,310.8,1594,32.4,204,0,0,0,0,0
9759,L56938,L,298.6,309.8,2271,16.2,218,1,0,0,0,0
6636,L53815,L,301.5,310.5,1534,39.3,119,0,0,0,0,0
9998,M24857,M,299.0,308.6,1645,33.4,22,0,0,0,0,0
792,L47971,L,296.8,307.9,1611,35.4,72,0,0,0,0,0
3057,L50236,L,300.2,309.2,1667,29.9,75,0,0,0,0,0
1981,M16840,M,298.0,307.6,1301,58.5,155,0,0,0,0,0
3599,L50778,L,301.7,310.5,1399,53.2,174,0,0,0,0,0
934,L48113,L,295.5,306.0,1597,37.2,16,0,0,0,0,0
7425,M22284,M,300.1,311.4,1575,29.8,210,0,0,0,0,0
5627,H35040,H,302.7,312.1,1603,32.5,148,0,0,0,0,0
1683,H31096,H,297.9,307.4,1604,36.1,225,1,0,0,0,0
4180,L51359,L,302.4,310.9,1349,46.1,148,0,1,0,0,0
6447,M21306,M,300.7,310.3,1471,40.2,59,0,0,0,0,0
4117,M18976,M,302.0,310.5,1381,58.4,201,0,0,0,0,0
989,H30402,H,296.3,307.1,1774,25.9,154,0,0,0,0,0
2897,M17756,M,300.7,309.5,1633,31.3,90,0,0,0,0,0
3779,M18638,M,302.4,311.1,1366,54.4,0,0,0,0,0,0
5659,M20518,M,302.2,311.4,1372,55.1,9,0,0,0,0,0
3094,L50273,L,300.0,309.3,1397,51.2,173,0,0,0,0,0
3156,L50335,L,300.5,309.8,1367,54.0,129,0,0,0,0,0
1824,L49003,L,298.1,307.7,1414,48.7,159,0,0,0,0,0
9623,L56802,L,298.9,310.0,1794,27.2,114,0,0,0,0,0
1099,M15958,M,296.9,307.4,1521,37.9,27,0,0,0,0,0
2845,L50024,L,300.3,309.2,1650,35.2,196,0,0,0,0,0
3343,L50522,L,301.5,310.8,1382,52.4,165,0,0,0,0,0
39,H29452,H,298.9,309.2,1379,50.7,106,0,0,0,0,0
6541,M21400,M,301.4,310.7,1368,63.7,92,0,0,1,0,0
9474,L56653,L,298.7,309.5,1446,40.0,160,0,0,0,0,0
3357,L50536,L,301.6,310.8,1355,57.8,195,0,0,0,1,0
7814,L54993,L,300.0,311.5,1455,41.7,130,0,0,0,0,0
8221,M23080,M,298.9,310.3,1551,35.2,50,0,0,0,0,0
9228,L56407,L,298.0,309.1,1473,44.3,124,0,0,0,0,0
2429,M17288,M,299.0,308.3,1377,47.2,35,0,0,0,0,0
5044,L52223,L,304.1,313.2,1468,39.4,148,0,0,0,0,0
5347,L52526,L,303.4,312.7,1534,35.5,98,0,0,0,0,0
4812,M19671,M,303.4,312.0,1748,28.4,200,0,0,0,0,0
8477,L55656,L,298.5,309.6,1585,32.2,89,0,0,0,0,0
687,M15546,M,297.7,309.0,1504,40.4,35,0,0,0,0,0
4800,L51979,L,303.5,312.5,1418,42.2,170,0,0,0,0,0
7438,L54617,L,299.8,311.3,1727,30.0,24,0,0,0,0,0
2354,L49533,L,299.2,308.4,1841,22.8,40,0,0,0,0,0
6354,M21213,M,300.0,309.6,1491,42.0,29,0,0,0,0,0
4570,L51749,L,302.8,310.9,1636,35.0,38,0,0,0,0,0
8214,M23073,M,299.2,310.5,1548,33.5,35,0,0,0,0,0
2753,M17612,M,299.7,309.1,1851,24.7,189,0,0,0,0,0
8074,L55253,L,300.5,312.0,1558,36.7,113,0,0,0,0,0
1041,L48220,L,296.7,307.7,1502,43.9,84,0,0,0,0,0
7492,L54671,L,300.4,311.8,1320,57.9,168,0,0,0,0,0
1266,L48445,L,297.9,309.4,1558,35.7,39,0,0,0,0,0
9266,M24125,M,298.3,308.9,1390,49.7,23,0,0,0,0,0
7060,L54239,L,300.6,310.5,1644,33.8,148,0,0,0,0,0
278,H29691,H,298.0,308.0,1479,50.7,70,0,0,0,0,0
5085,L52264,L,304.1,313.1,1969,20.8,59,0,0,0,0,0
2383,L49562,L,299.1,308.3,1601,31.4,121,0,0,0,0,0
572,M15431,M,297.8,309.8,1676,29.0,178,0,0,0,0,0
1436,H30849,H,298.8,309.9,1526,42.1,30,0,0,0,0,0
5353,M20212,M,303.4,312.8,1590,36.3,113,0,0,0,0,0
5446,M20305,M,303.0,312.8,1648,32.1,104,0,0,0,0,0
1008,M15867,M,296.2,307.2,1633,31.1,0,0,0,0,0,0
4544,M19403,M,302.6,310.5,1542,39.9,184,0,0,0,0,0
8817,M23676,M,297.2,308.5,1425,45.8,109,0,0,0,0,0
2065,L49244,L,299.6,309.5,1453,41.4,168,0,0,0,0,0
1137,L48316,L,296.9,307.8,1557,38.1,135,0,0,0,0,0
5344,L52523,L,303.5,312.8,1607,38.4,92,0,0,0,0,0
295,M15154,M,298.1,308.5,1372,51.1,116,0,0,0,0,0
2404,H31817,H,299.2,308.7,1448,51.4,173,0,0,0,0,0
3999,L51178,L,302.1,311.0,1586,35.1,142,0,0,0,0,0
3742,L50921,L,302.4,311.3,1503,38.2,120,0,0,0,0,0
9223,M24082,M,297.9,309.0,1525,38.5,113,0,0,0,0,0
2720,L49899,L,299.5,309.2,1690,29.2,108,0,0,0,0,0
9200,L56379,L,297.9,308.8,1613,31.4,57,0,0,0,0,0
5151,L52330,L,304.3,313.5,1590,29.8,17,0,0,0,0,0
2809,L49988,L,299.9,309.3,1471,41.8,109,0,0,0,0,0
557,L47736,L,297.5,309.4,1357,50.1,137,0,0,0,0,0
8926,M23785,M,297.2,308.2,1405,42.5,204,0,0,0,0,0
4796,L51975,L,303.6,312.5,1431,49.0,162,0,0,0,0,0
2470,L49649,L,299.0,308.7,1507,37.5,134,0,0,0,0,0
3739,M18598,M,302.3,311.2,1454,43.8,112,0,0,0,0,0
4287,M19146,M,301.7,309.9,1434,47.9,189,0,0,0,0,0
2605,M17464,M,299.3,309.1,1385,45.6,34,0,0,0,0,0
363,H29776,H,297.6,308.3,1640,30.9,79,0,0,0,0,0
6925,L54104,L,301.2,311.6,1461,52.9,208,0,0,0,1,0
1705,M16564,M,298.1,307.8,1503,44.7,54,0,0,0,0,0
2140,L49319,L,299.3,309.0,1415,47.6,156,0,0,0,0,0
3240,L50419,L,301.0,309.5,1430,48.5,122,0,0,0,0,0
2384,L49563,L,299.1,308.2,1568,33.3,123,0,0,0,0,0
7315,L54494,L,299.9,310.3,1268,53.3,146,0,0,0,0,0
4312,M19171,M,301.5,310.1,1468,40.8,32,0,0,0,0,0
1313,L48492,L,298.9,310.1,1473,42.6,164,0,0,0,0,0
3931,M18790,M,302.6,311.6,2041,19.2,174,0,0,0,0,0
6184,H35597,H,301.0,310.9,1495,37.3,21,0,0,0,0,0
1592,L48771,L,298.2,308.4,1355,49.4,209,0,0,0,0,0
9388,H38801,H,297.4,307.9,1390,52.0,131,0,0,0,0,0
2163,L49342,L,299.5,309.1,1336,42.1,217,0,0,0,0,0
2397,M17256,M,299.1,308.5,1592,34.2,153,0,0,0,0,0
318,L47497,L,297.8,308.4,1685,28.4,179,0,0,0,0,0
5234,L52413,L,303.6,312.9,1450,45.3,29,0,0,0,0,0
5069,M19928,M,304.3,313.3,1540,39.0,14,0,0,0,0,0
4037,L51216,L,302.0,310.8,1445,49.1,2,0,0,0,0,0
3021,L50200,L,300.4,309.6,1543,38.1,209,0,0,0,0,0
8229,M23088,M,299.1,310.4,1422,49.3,69,0,0,0,0,0
5296,L52475,L,303.8,313.2,1336,47.8,176,0,0,0,0,0
3973,L51152,L,302.3,311.4,1511,34.7,75,0,0,0,0,0
5371,H34784,H,303.0,312.4,1627,37.1,168,0,0,0,0,0
4134,L51313,L,301.8,310.3,1765,27.3,29,0,0,0,0,0
975,L48154,L,296.0,306.6,1511,35.2,119,0,0,0,0,0
7292,L54471,L,300.2,310.5,1416,46.7,90,0,0,0,0,0
955,H30368,H,295.6,306.2,1414,42.5,69,0,0,0,0,0
9307,M24166,M,298.3,309.2,1783,28.3,130,0,0,0,0,0
5017,L52196,L,303.9,313.0,1408,47.5,76,0,0,0,0,0
9731,L56910,L,298.8,310.0,1528,36.7,147,0,0,0,0,0
7491,M22350,M,300.4,311.8,1707,30.0,165,0,0,0,0,0
1641,L48820,L,298.0,307.8,1567,36.4,109,0,0,0,0,0
1291,L48470,L,298.6,309.7,1429,45.8,113,0,0,0,0,0
1381,L48560,L,298.7,310.1,1786,27.7,114,0,0,0,0,0
1934,L49113,L,298.1,308.0,1638,35.1,38,0,0,0,0,0
4676,H34089,H,303.5,311.5,1629,33.5,73,0,0,0,0,0
893,L48072,L,295.7,306.1,1343,54.4,119,0,0,0,0,0
7288,M22147,M,300.2,310.4,1530,35.7,80,0,0,0,0,0
4877,M19736,M,303.7,312.4,1540,37.4,146,0,0,0,0,0
7907,L55086,L,300.9,312.4,1372,51.0,142,0,0,0,0,0
8195,L55374,L,299.4,310.7,1426,45.7,213,0,0,0,0,0
9380,L56559,L,297.5,308.2,1419,48.5,108,0,0,0,0,0
2467,L49646,L,299.0,308.6,1429,37.7,126,0,0,0,0,0
7658,L54837,L,300.5,311.6,1661,30.0,158,0,0,0,0,0
1914,M16773,M,298.0,307.8,1492,40.2,197,0,0,0,0,0
2737,M17596,M,299.7,309.1,1576,36.4,149,0,0,0,0,0
727,M15586,M,297.4,308.8,1628,37.4,144,0,0,0,0,0
7215,M22074,M,299.9,309.8,1625,41.2,109,0,0,0,0,0
8246,M23105,M,299.0,310.3,1303,68.6,111,0,0,1,0,0
1797,H31210,H,298.1,307.6,1542,37.1,84,0,0,0,0,0
3846,L51025,L,302.3,311.0,1591,32.7,171,0,0,0,0,0
6403,M21262,M,300.1,309.6,1584,36.7,165,0,0,0,0,0
937,M15796,M,295.6,306.1,1418,46.2,24,0,0,0,0,0
2266,M17125,M,299.2,308.4,1330,51.2,56,0,0,0,0,0
825,L48004,L,296.6,307.4,1436,42.8,156,0,0,0,0,0
7275,M22134,M,300.2,310.3,1478,38.1,45,0,0,0,0,0
1390,L48569,L,298.9,310.2,1533,42.8,138,0,0,0,0,0
3565,M18424,M,301.7,310.6,1492,42.2,85,0,0,0,0,0
5430,L52609,L,302.8,312.4,1590,34.4,64,0,0,0,0,0
7828,M22687,M,299.8,311.1,1452,44.3,167,0,0,0,0,0
5691,L52870,L,302.3,311.8,1435,44.8,98,0,0,0,0,0
7879,L55058,L,300.7,312.3,1418,49.0,69,0,0,0,0,0
1869,L49048,L,298.3,308.0,1361,56.9,81,0,0,0,0,0
8203,L55382,L,299.3,310.9,1669,32.4,5,0,0,0,0,0
7487,L54666,L,300.3,311.7,1635,31.8,156,0,0,0,0,0
807,M15666,M,297.0,307.9,1422,53.0,115,0,0,0,0,0
4806,L51985,L,303.6,312.6,1606,33.6,184,0,0,0,0,0
9153,L56332,L,297.5,308.6,1260,53.6,137,0,0,0,0,0
7512,L54691,L,300.4,311.8,1601,36.1,0,0,0,0,0,0
8057,L55236,L,300.1,311.5,1499,43.4,65,0,0,0,0,0
4495,H33908,H,302.6,310.4,1649,30.1,62,0,0,0,0,0
2633,M17492,M,300.0,309.7,1652,28.6,112,0,0,0,0,0
8901,M23760,M,297.3,308.6,1584,29.4,141,0,0,0,0,0
8624,M23483,M,297.5,308.3,1476,45.6,31,0,0,0,0,0
7833,L55012,L,300.0,311.4,1484,37.0,183,0,0,0,0,0
4389,L51568,L,302.0,309.8,1701,27.2,4,0,0,0,0,0
146,L47325,L,298.5,308.4,1513,33.6,172,0,0,0,0,0
6468,L53647,L,300.4,309.7,1692,27.4,115,0,0,0,0,0
2034,H31447,H,298.8,308.5,1359,47.6,85,0,0,0,0,0
9128,L56307,L,297.4,308.5,1761,27.2,76,0,0,0,0,0
1166,L48345,L,297.1,308.1,1487,34.6,208,0,0,0,0,0
2051,M16910,M,299.5,309.3,1675,29.2,132,0,0,0,0,0
3761,L50940,L,302.3,310.9,1377,46.8,166,0,1,0,0,0
4436,L51615,L,302.3,310.1,1321,52.7,134,0,1,0,0,0
3431,H32844,H,301.6,310.6,1821,26.2,171,0,0,0,0,0
8191,M23050,M,299.7,310.9,1620,37.2,203,0,0,0,0,0
8754,M23613,M,297.4,308.6,1657,33.1,156,0,0,0,0,0
7070,L54249,L,300.8,310.7,1525,39.4,175,0,0,0,0,0
4362,M19221,M,302.1,310.1,1379,48.2,166,0,1,0,0,0
1772,L48951,L,298.4,307.9,1446,45.3,23,0,0,0,0,0
3512,L50691,L,301.8,311.0,1322,53.0,166,0,0,0,0,0
272,M15131,M,298.1,308.1,1452,40.8,56,0,0,0,0,0
8437,L55616,L,298.7,309.9,1371,51.3,201,0,0,0,0,0
2033,L49212,L,298.8,308.5,1444,42.2,83,0,0,0,0,0
9665,L56844,L,299.1,310.2,1317,54.8,231,0,0,0,1,0
3811,M18670,M,302.2,310.8,1562,38.1,78,0,0,0,0,0
4347,L51526,L,301.8,309.7,1598,30.4,124,0,0,0,0,0
546,L47725,L,297.6,309.4,1958,22.1,108,0,0,0,0,0
3242,H32655,H,300.9,309.5,1469,43.4,126,0,0,0,0,0
8503,H37916,H,298.6,309.8,1279,55.9,152,0,0,0,0,0
9919,L57098,L,298.4,308.8,1352,56.7,24,0,0,0,0,0
7565,M22424,M,300.3,311.2,1381,65.2,136,0,0,1,0,0
921,M15780,M,295.5,305.9,1518,44.1,194,0,0,0,0,0
9119,L56298,L,297.6,308.6,1526,42.1,57,0,0,0,0,0
6641,L53820,L,301.4,310.4,1334,43.2,133,0,0,0,0,0
7695,H37108,H,300.6,311.7,1500,36.7,17,0,0,0,0,0
8231,L55410,L,299.1,310.5,1736,26.9,74,0,0,0,0,0
7127,M21986,M,300.6,310.0,1542,33.9,100,0,0,0,0,0
4279,L51458,L,302.0,310.1,1409,50.4,172,0,0,0,0,0
2984,L50163,L,300.6,309.6,1290,57.4,119,0,0,0,0,0
131,L47310,L,298.8,308.4,1473,41.1,128,0,0,0,0,0
7981,M22840,M,301.2,312.4,1505,39.6,102,0,0,0,0,0
2668,M17527,M,299.8,309.3,1663,35.2,208,0,0,0,0,0
7139,L54318,L,300.6,310.1,1297,50.0,130,0,0,0,0,0
3224,H32637,H,300.6,309.5,1495,36.5,79,0,0,0,0,0
7694,L54873,L,300.6,311.6,1964,21.4,15,0,0,0,0,0
5393,L52572,L,302.8,312.2,1481,40.2,230,0,0,0,0,0
615,M15474,M,298.0,309.9,1445,45.2,55,0,0,0,0,0
9903,H39316,H,298.7,309.3,1402,45.3,190,0,0,0,0,0
1467,L48646,L,298.7,309.8,1365,50.5,111,0,0,0,0,0
4498,L51677,L,302.5,310.3,1523,36.0,72,0,0,0,0,0
3043,M17902,M,300.2,309.4,1459,43.9,39,0,0,0,0,0
2420,M17279,M,298.9,308.2,1328,49.2,11,0,0,0,0,0
5086,M19945,M,304.0,313.0,1377,56.0,61,0,0,0,0,0
3295,L50474,L,301.1,310.2,1657,34.1,52,0,0,0,0,0
6738,M21597,M,301.7,311.0,1537,33.5,146,0,0,0,0,0
1501,M16360,M,298.0,308.7,2101,17.4,198,0,0,0,0,0
1522,M16381,M,298.2,308.9,1585,34.3,33,0,0,0,0,0
9118,M23977,M,297.6,308.7,1475,46.6,54,0,0,0,0,0
4233,L51412,L,302.2,310.9,1452,42.3,56,0,0,0,0,0
7687,M22546,M,300.7,311.7,1504,36.9,229,0,0,0,0,0
4431,H33844,H,302.3,310.1,1688,30.4,115,0,0,0,0,0
391,L47570,L,297.6,308.7,1460,46.7,150,0,0,0,0,0
9859,L57038,L,298.5,309.5,1547,33.1,68,0,0,0,0,0
7125,M21984,M,300.8,310.3,1868,24.5,95,0,0,0,0,0
5914,H35327,H,300.7,310.2,1479,52.3,9,0,0,0,0,0
8593,M23452,M,297.5,308.0,1430,44.5,178,0,0,0,0,0
4807,H34220,H,303.6,312.5,1375,54.0,186,0,0,0,0,0
8955,L56134,L,297.3,308.0,1447,49.0,61,0,0,0,0,0
8239,L55418,L,299.1,310.4,1519,45.3,92,0,0,0,0,0
8045,L55224,L,300.7,311.8,1441,38.1,34,0,0,0,0,0
9783,L56962,L,298.7,309.9,1404,47.1,64,0,0,0,0,0
3994,L51173,L,302.3,311.3,1324,47.8,131,0,0,0,0,0
9552,L56731,L,299.4,310.8,1391,48.9,139,0,0,0,0,0
6610,L53789,L,301.5,310.4,1474,39.9,53,0,0,0,0,0
5320,M20179,M,303.5,312.7,1402,47.0,23,0,0,0,0,0
7120,L54299,L,301.0,310.5,1378,44.4,83,0,0,0,0,0
2422,L49601,L,298.9,308.2,2384,15.0,19,0,0,0,0,0
5605,L52784,L,302.9,312.2,1513,37.8,92,0,0,0,0,0
1751,M16610,M,298.4,307.8,1617,31.6,173,0,0,0,0,0
9016,L56195,L,297.2,308.1,1431,49.7,210,0,0,0,0,0
9719,L56898,L,298.9,309.9,1517,36.6,117,0,0,0,0,0
339,L47518,L,297.5,308.2,1563,38.2,15,0,0,0,0,0
8408,L55587,L,298.4,309.5,1357,50.1,125,0,0,0,0,0
1342,M16201,M,298.6,310.2,1328,50.5,12,0,0,0,0,0
9545,L56724,L,299.6,311.0,1708,31.0,122,0,0,0,0,0
7983,L55162,L,301.0,312.3,1488,42.6,107,0,0,0,0,0
3641,H33054,H,302.4,311.6,1544,39.1,70,0,0,0,0,0
330,H29743,H,297.7,308.5,1720,29.9,210,0,0,0,0,0
8829,L56008,L,297.3,308.7,1587,35.8,148,0,0,0,0,0
3005,M17864,M,300.5,309.9,1466,53.2,172,0,0,0,0,0
6961,L54140,L,300.7,311.0,1413,52.0,91,0,0,0,0,1
4091,L51270,L,302.0,310.5,2197,15.8,133,0,0,0,0,0
2323,L49502,L,299.2,308.7,1514,41.9,196,0,0,0,0,0
6668,H36081,H,301.4,310.5,1536,39.9,201,0,0,0,0,0
7010,L54189,L,300.5,310.5,1536,36.2,12,0,0,0,0,0
4198,L51377,L,302.4,311.0,1573,36.5,193,0,0,0,0,0
3550,M18409,M,301.8,310.9,1299,60.4,48,0,0,0,0,0
8364,L55543,L,298.8,309.7,1582,45.0,11,0,0,0,0,0
4204,M19063,M,302.3,310.9,1558,31.9,207,0,0,0,0,0
9311,L56490,L,298.4,309.3,1549,40.8,139,0,0,0,0,0
8937,L56116,L,297.4,308.3,1465,42.0,13,0,0,0,0,0
6186,L53365,L,301.1,311.0,1918,21.7,28,0,0,0,0,0
1640,M16499,M,297.9,307.8,1450,43.5,106,0,0,0,0,0
61,L47240,L,298.8,309.1,1393,52.6,167,0,0,0,0,0
1241,L48420,L,297.2,308.6,1636,31.3,192,0,0,0,0,0
5761,M20620,M,301.9,311.3,1522,35.6,63,0,0,0,0,0
5137,L52316,L,304.2,313.4,1735,28.9,192,0,0,0,0,0
2344,L49523,L,299.1,308.3,1305,61.4,17,0,0,0,0,0
2121,H31534,H,299.2,308.8,1908,21.3,104,0,0,0,0,0
1525,L48704,L,298.2,309.0,1601,35.8,43,0,0,0,0,0
7618,L54797,L,300.5,311.4,1556,45.3,58,0,0,0,0,0
154,L47333,L,298.4,308.2,1850,27.0,194,0,0,0,0,0
482,M15341,M,297.3,309.0,1556,39.5,168,0,0,0,0,0
6123,L53302,L,301.0,311.0,1402,55.3,98,0,0,0,0,0
7675,L54854,L,300.5,311.6,1509,47.2,202,0,0,0,0,0
7102,L54281,L,300.8,310.2,1850,22.8,33,0,0,0,0,0
1763,H31176,H,298.2,307.6,1460,48.6,204,0,0,0,0,0
7716,L54895,L,300.5,311.5,1302,49.6,80,0,0,0,0,0
9082,L56261,L,297.3,308.0,1527,35.1,165,0,0,0,0,0
7480,M22339,M,300.1,311.3,1523,34.1,135,0,0,0,0,0
6213,L53392,L,300.8,310.6,1402,53.7,93,0,0,0,0,0
4854,L52033,L,303.7,312.2,1487,34.0,94,0,0,0,0,0
2712,L49891,L,299.6,309.1,1407,50.6,85,0,0,0,0,0
6767,M21626,M,301.4,311.0,1427,43.2,13,0,0,0,0,0
4151,L51330,L,301.9,310.4,1610,34.8,71,0,0,0,0,0
1334,M16193,M,299.0,310.3,1558,35.4,223,0,0,0,0,0
8379,M23238,M,298.8,309.9,1331,61.6,46,0,0,0,0,0
9390,L56569,L,297.6,308.0,1258,57.4,139,0,0,0,0,0
9708,L56887,L,299.0,310.1,1699,32.9,87,0,0,0,0,0
9122,L56301,L,297.3,308.3,1396,45.9,64,0,0,0,0,0
3851,M18710,M,302.3,311.0,1421,41.3,182,0,0,0,0,0
8341,M23200,M,298.8,309.7,1480,38.1,157,0,0,0,0,0
4125,L51304,L,302.1,310.6,1385,53.6,5,0,0,0,0,0
8964,M23823,M,297.2,307.9,1687,30.4,82,0,0,0,0,0
4789,H34202,H,303.7,312.6,1514,35.5,138,0,0,0,0,0
2867,L50046,L,300.8,309.7,1997,20.7,5,0,0,0,0,0
1387,L48566,L,298.9,310.2,1445,40.0,129,0,0,0,0,0
5942,L53121,L,300.6,310.7,1438,48.5,78,0,0,0,0,0
3068,L50247,L,300.1,309.2,1533,37.0,101,0,0,0,0,0
9059,M23918,M,297.2,308.3,1326,57.2,100,0,0,0,0,0
3630,L50809,L,302.1,311.3,1415,44.1,43,0,0,0,0,0
9456,L56635,L,298.5,309.2,1983,20.2,114,0,0,0,0,0
8950,L56129,L,297.4,308.3,1284,60.3,50,0,0,0,0,0
3029,L50208,L,300.5,309.5,1379,55.6,2,0,0,0,0,0
2970,L50149,L,300.6,309.4,1468,44.1,76,0,0,0,0,0
8647,L55826,L,297.5,308.6,1497,43.9,91,0,0,0,0,0
6137,H35550,H,300.9,310.8,1390,40.6,131,0,0,0,0,0
8802,L55981,L,297.4,308.6,1488,36.4,71,0,0,0,0,0
4264,L51443,L,302.6,311.0,1620,36.2,139,0,0,0,0,0
646,L47825,L,297.7,309.4,1392,44.1,140,0,0,0,0,0
9654,L56833,L,299.0,309.9,1373,55.7,201,0,0,0,1,0
2075,L49254,L,299.5,309.4,1602,31.5,193,0,0,0,0,0
342,M15201,M,297.4,308.2,1530,32.6,22,0,0,0,0,0
8042,H37455,H,300.8,311.9,1431,48.5,25,0,0,0,0,0
1623,H31036,H,297.7,307.6,1538,38.3,63,0,0,0,0,0
7142,M22001,M,300.4,309.8,1356,44.4,136,0,0,0,0,0
5797,L52976,L,301.7,311.1,1399,55.1,156,0,0,0,0,0
7185,M22044,M,300.2,310.3,1593,36.1,36,0,0,0,0,0
8233,L55412,L,299.1,310.6,1326,49.7,78,0,0,0,0,0
5476,L52655,L,302.7,312.2,1336,46.8,179,0,0,0,0,0
9253,M24112,M,298.1,309.0,1533,36.1,189,0,0,0,0,0
75,L47254,L,298.9,309.0,1601,32.3,202,0,0,0,0,0
8634,L55813,L,297.4,308.3,1336,53.7,61,0,0,0,0,0
9230,M24089,M,298.1,309.0,2042,17.8,129,0,0,0,0,0
2052,M16911,M,299.4,309.2,1470,44.4,135,0,0,0,0,0
2542,H31955,H,299.1,308.8,1553,32.6,90,0,0,0,0,0
1302,L48481,L,298.7,309.9,1483,32.8,142,0,0,0,0,0
5878,L53057,L,301.5,311.1,1458,41.4,123,0,0,0,0,0
7369,M22228,M,299.6,310.2,1620,30.0,70,0,0,0,0,0
1305,L48484,L,298.8,310.0,2098,19.6,148,0,0,0,0,0
8429,M23288,M,299.0,310.3,1827,28.0,178,0,0,0,0,0
9095,M23954,M,297.3,308.1,1370,58.8,199,0,0,0,0,0
2600,M17459,M,299.2,308.9,1447,39.6,22,0,0,0,0,0
2574,L49753,L,299.5,309.2,1499,41.5,175,0,0,0,0,0
3187,M18046,M,300.2,309.4,1456,48.8,205,0,0,0,0,0
2769,L49948,L,300.0,309.5,1675,30.2,11,0,0,0,0,0
4832,L52011,L,303.5,312.0,1366,54.5,30,0,1,0,0,0
4224,L51403,L,302.0,310.7,1657,31.9,37,0,0,0,0,0
9650,H39063,H,299.1,310.0,1657,33.1,187,0,0,0,0,0
2107,L49286,L,299.4,309.1,1645,28.6,57,0,0,0,0,0
2680,L49859,L,299.8,309.5,1476,44.4,14,0,0,0,0,0
1388,L48567,L,298.9,310.1,1823,26.1,131,0,0,0,0,0
8932,L56111,L,297.4,308.4,1434,39.9,2,0,0,0,0,0
9660,L56839,L,298.9,309.8,1287,61.9,216,0,0,0,1,0
7084,L54263,L,300.7,310.4,1416,61.8,209,0,0,1,1,0
1280,M16139,M,298.3,309.6,1531,40.1,81,0,0,0,0,0
805,M15664,M,296.9,307.8,1544,37.6,109,0,0,0,0,0
1556,L48735,L,298.4,308.6,1491,42.0,120,0,0,0,0,0
9487,M24346,M,298.9,309.6,1472,46.0,199,0,0,0,0,0
4567,L51746,L,302.8,310.8,1402,50.5,30,0,0,0,0,0
9670,L56849,L,299.1,310.3,1619,31.1,242,0,0,0,0,0
4842,M19701,M,303.3,311.8,1441,44.9,61,0,0,0,0,0
3595,M18454,M,301.6,310.4,1452,45.7,164,0,0,0,0,0
6036,M20895,M,300.6,310.9,1702,30.3,91,0,0,0,0,0
6853,H36266,H,301.0,311.2,1602,32.7,19,0,0,0,0,0
8706,L55885,L,297.2,308.6,1437,52.4,37,0,0,0,0,0
4178,L51357,L,302.5,310.9,1477,39.2,144,0,0,0,0,0
1309,L48488,L,298.9,310.1,1750,25.0,156,0,0,0,0,0
3453,H32866,H,301.6,310.5,1602,32.3,2,0,0,0,0,1
3696,L50875,L,302.2,311.3,1530,37.3,207,1,0,0,0,0
4243,L51422,L,302.4,311.0,1462,48.5,81,0,0,0,0,0
2199,M17058,M,299.7,308.9,1478,41.0,87,0,0,0,0,0
4426,L51605,L,302.5,310.2,1547,36.9,103,0,0,0,0,0
6151,L53330,L,301.1,311.1,1711,29.1,170,0,0,0,0,0
944,M15803,M,295.6,306.2,1477,45.0,40,0,0,0,0,0
823,M15682,M,296.7,307.6,1547,34.7,150,0,0,0,0,0
5006,M19865,M,303.7,312.9,1444,52.7,46,0,0,0,0,0
6613,L53792,L,301.6,310.6,1222,70.0,62,0,0,0,0,0
8357,M23216,M,298.6,309.6,1344,59.4,200,0,0,0,0,0
5620,L52799,L,303.0,312.3,1932,21.9,132,0,0,0,0,0
4548,M19407,M,302.5,310.4,1451,53.6,194,0,0,0,0,0
2539,L49718,L,299.1,308.8,1429,50.1,84,0,0,0,0,0
5208,M20067,M,303.8,312.7,1488,41.3,175,0,0,0,0,0
9515,L56694,L,299.0,310.1,1416,45.9,47,0,0,0,0,0
9010,L56189,L,297.3,307.9,1579,34.4,193,0,0,0,0,0
3055,H32468,H,300.2,309.3,1342,48.7,68,0,0,0,0,0
3676,M18535,M,302.1,311.5,1866,23.1,159,0,0,0,0,0
7777,M22636,M,300.3,311.5,1445,47.3,40,0,0,0,0,0
7219,H36632,H,299.9,309.8,1400,48.7,119,0,0,0,0,0
6723,L53902,L,301.4,310.7,1657,28.7,108,0,0,0,0,0
3301,H32714,H,301.3,310.4,1538,38.4,65,0,0,0,0,0
3311,L50490,L,301.3,310.4,1346,46.7,90,0,0,0,0,0
7222,H36635,H,299.7,309.6,1433,49.6,129,0,0,0,0,0
8520,L55699,L,298.3,309.6,1420,44.1,197,0,0,0,0,0
5955,L53134,L,300.8,310.9,1732,25.7,109,0,0,0,0,0
833,L48012,L,296.6,307.4,1521,38.6,173,0,0,0,0,0
3463,H32876,H,301.6,310.5,1786,27.1,35,0,0,0,0,0
7644,H37057,H,300.4,311.4,1427,50.7,122,0,0,0,0,0
55,L47234,L,298.7,309.0,1691,30.1,154,0,0,0,0,0
3452,L50631,L,301.6,310.6,1455,43.9,0,0,0,0,0,0
6306,M21165,M,301.1,310.5,1603,32.6,121,0,0,0,0,0
1482,M16341,M,298.2,309.2,1332,60.2,147,0,0,0,0,0
4874,M19733,M,303.7,312.4,1474,38.8,139,0,0,0,0,0
8039,L55218,L,300.7,311.8,1486,47.3,19,0,0,0,0,0
3336,L50515,L,301.7,310.9,1705,31.2,146,0,0,0,0,0
6017,L53196,L,300.7,310.7,1425,45.3,48,0,0,0,0,0
4927,L52106,L,303.4,312.3,1502,36.0,69,0,0,0,0,0
5798,L52977,L,301.6,311.0,1431,42.6,158,0,0,0,0,0
9832,L57011,L,298.4,309.3,1542,35.4,208,0,0,0,0,0
5084,L52263,L,304.1,313.1,1327,54.1,57,0,0,0,0,0
6646,M21505,M,301.5,310.4,1486,39.6,144,0,0,0,0,0
5491,L52670,L,302.6,312.1,1288,68.5,0,0,0,1,0,0
769,L47948,L,296.9,308.0,1713,29.3,13,0,0,0,0,0
2066,L49245,L,299.7,309.6,1419,45.1,170,0,0,0,0,0
9501,L56680,L,299.2,310.2,1697,30.6,12,0,0,0,0,0
7312,H36725,H,300.0,310.5,1558,36.7,137,0,0,0,0,0
8478,H37891,H,298.5,309.6,1579,33.5,91,0,0,0,0,0
4525,M19384,M,302.5,310.5,1527,38.8,136,0,0,0,0,0
2718,M17577,M,299.5,309.1,1422,45.3,103,0,0,0,0,0
2080,M16939,M,299.3,309.3,1523,37.9,204,0,0,0,0,0
8915,M23774,M,297.3,308.5,1524,49.3,176,0,0,0,0,0
952,H30365,H,295.6,306.3,1509,35.8,60,0,0,0,0,0
8059,L55238,L,300.3,311.6,1515,44.9,69,0,0,0,0,0
2483,L49662,L,298.9,308.7,1504,41.8,165,0,0,0,0,0
1760,H31173,H,298.0,307.4,1606,35.2,195,0,0,0,0,0
4423,M19282,M,302.6,310.2,2157,17.2,94,0,0,0,0,0
6705,M21564,M,301.5,310.7,1510,36.0,64,0,0,0,0,0
5183,L52362,L,303.9,313.1,1586,31.9,108,0,0,0,0,0
8534,M23393,M,298.6,309.4,1465,41.1,30,0,0,0,0,0
3702,L50881,L,302.1,311.2,1417,48.0,13,0,0,0,0,0
4244,M19103,M,302.4,310.9,1435,42.3,83,0,0,0,0,0
689,H30102,H,297.6,309.0,1735,26.4,41,0,0,0,0,0
3433,M18292,M,301.6,310.7,2012,20.7,178,0,0,0,0,0
4945,M19804,M,303.6,312.7,1765,27.5,115,0,0,0,0,0
967,M15826,M,295.8,306.5,1641,32.2,101,0,0,0,0,0
9485,L56664,L,298.9,309.6,1663,33.7,195,0,0,0,0,0
2714,M17573,M,299.6,309.2,1651,30.8,92,0,0,0,0,0
4758,L51937,L,303.4,311.6,1497,42.8,58,0,0,0,0,0
9546,L56725,L,299.6,311.0,1430,38.3,124,0,0,0,0,0
6321,M21180,M,300.8,310.2,1304,52.5,157,0,0,0,0,0
5976,H35389,H,300.5,310.7,1654,28.6,161,0,0,0,0,0
3573,L50752,L,301.8,310.6,1451,50.7,108,0,0,0,0,0
5300,L52479,L,303.7,313.1,1355,49.1,188,0,0,0,0,0
1991,L49170,L,298.2,307.8,1423,48.1,183,0,0,0,0,0
1206,L48385,L,296.8,308.0,1371,54.5,86,0,0,0,0,0
4972,L52151,L,303.8,312.7,1838,27.8,181,0,0,0,0,0
6784,L53963,L,301.3,310.8,1450,46.9,59,0,0,0,0,0
3601,L50780,L,301.7,310.5,1523,34.7,181,0,0,0,0,0
6491,L53670,L,300.7,309.9,1383,44.5,176,0,0,0,0,0
8610,L55789,L,297.4,308.3,1475,40.5,222,1,0,0,0,0
9979,H39392,H,298.6,308.3,1377,52.1,181,0,0,0,0,0
8071,M22930,M,300.5,312.0,1867,23.0,103,0,0,0,0,0
8578,L55757,L,297.6,308.3,1502,43.2,139,0,0,0,0,0
7974,L55153,L,301.1,312.3,1682,29.7,83,0,0,0,0,0
1626,L48805,L,297.9,307.8,1365,46.9,73,0,0,0,0,0
537,L47716,L,297.4,309.3,1759,24.8,81,0,0,0,0,0
8767,L55946,L,297.5,308.8,1360,50.7,190,0,0,0,0,0
7971,M22830,M,300.9,312.1,1297,48.6,76,0,0,0,0,0
4213,M19072,M,302.0,310.6,1392,60.5,10,0,0,0,0,0
6457,L53636,L,300.7,310.2,1387,50.6,83,0,0,0,0,0
3508,M18367,M,301.7,310.8,1502,34.4,157,0,0,0,0,0
8394,L55573,L,298.5,309.5,1428,43.5,87,0,0,0,0,0
7113,L54292,L,300.9,310.4,1427,47.0,65,0,0,0,0,0
2709,L49888,L,299.6,309.1,2266,15.3,79,0,0,0,0,0
5032,M19891,M,303.8,313.0,1514,45.0,113,0,0,0,0,0
6515,L53694,L,301.0,309.9,1507,41.8,19,0,0,0,0,0
4663,H34076,H,303.3,311.2,1607,31.7,34,0,0,0,0,0
4022,H33435,H,302.1,310.9,1452,42.5,198,0,0,0,0,0
1855,M16714,M,297.6,307.2,1470,42.6,44,0,0,0,0,0
9426,M24285,M,298.1,308.6,1415,46.3,27,0,0,0,0,0
2873,L50052,L,300.8,309.6,1680,28.7,22,0,0,0,0,0
3031,M17890,M,300.4,309.6,1563,34.0,6,0,0,0,0,0
1646,L48825,L,297.9,307.8,1538,38.5,123,0,0,0,0,0
3418,L50597,L,301.6,310.6,1621,33.7,137,0,0,0,0,0
3477,L50656,L,301.8,310.6,1522,43.8,70,0,0,0,0,0
9553,M24412,M,299.3,310.8,1523,40.9,141,0,0,0,0,0
1793,M16652,M,298.1,307.7,1445,48.0,73,0,0,0,0,0
3798,L50977,L,302.1,310.8,1622,36.8,45,0,0,0,0,0
3369,L50548,L,301.5,310.8,1350,58.5,13,0,0,0,0,0
7197,H36610,H,300.1,310.1,1426,42.7,64,0,0,0,0,0
9642,L56821,L,299.3,310.4,1365,53.9,171,0,0,0,0,0
5110,M19969,M,304.0,313.4,1389,45.8,123,0,0,0,0,0
6025,L53204,L,300.7,310.9,1356,65.3,66,0,0,1,0,0
8796,L55975,L,297.3,308.4,1459,39.4,59,0,0,0,0,0
9295,L56474,L,298.1,309.0,1437,36.2,95,0,0,0,0,0
127,L47306,L,299.0,308.6,1329,60.5,120,0,0,0,0,0
5960,L53139,L,300.6,310.8,1378,51.2,119,0,0,0,0,0
3877,L51056,L,302.6,311.8,1627,31.8,23,0,0,0,0,0
4452,L51631,L,302.5,310.3,1549,40.9,170,0,0,0,0,0
7148,L54327,L,300.3,309.8,1466,41.2,156,0,0,0,0,0
3532,M18391,M,301.9,310.9,1641,33.2,3,0,0,0,0,0
828,L48007,L,296.5,307.3,1501,42.1,162,0,0,0,0,0
7791,L54970,L,300.1,311.4,1729,29.3,71,0,0,0,0,0
985,L48164,L,296.3,307.1,1419,48.6,142,0,0,0,0,0
7784,L54963,L,300.3,311.5,1667,28.8,56,0,0,0,0,0
2444,L49623,L,299.1,308.5,1647,35.0,74,0,0,0,0,0
8555,L55734,L,298.1,309.0,1592,33.9,85,0,0,0,0,0
346,L47525,L,297.5,308.3,1585,32.9,32,0,0,0,0,0
815,M15674,M,296.8,307.5,1470,45.9,132,0,0,0,0,0
6167,H35580,H,300.9,310.7,1403,40.6,207,0,0,0,0,0
5780,L52959,L,301.6,311.1,1680,29.2,111,0,0,0,0,0
2117,M16976,M,299.4,309.0,1381,44.9,88,0,0,0,0,0
794,M15653,M,296.8,307.9,1683,31.8,76,0,0,0,0,0
6899,M21758,M,301.0,311.6,1448,43.9,145,0,0,0,0,0
2675,L49854,L,299.7,309.3,1546,37.2,4,0,0,0,0,0
95,L47274,L,299.0,308.9,1622,31.9,42,0,0,0,0,0
4226,L51405,L,302.1,310.7,1359,49.3,41,0,1,0,0,0
3757,L50936,L,302.3,311.1,1546,33.1,156,0,0,0,0,0
2892,L50071,L,300.6,309.6,1682,30.7,78,0,0,0,0,0
2372,L49551,L,299.3,308.5,1409,44.8,91,0,0,0,0,0
9389,M24248,M,297.5,307.9,1544,37.9,136,0,0,0,0,0
3229,L50408,L,300.5,309.3,1475,46.8,94,0,0,0,0,0
7864,M22723,M,300.5,311.9,1511,44.5,30,0,0,0,0,0
6360,L53539,L,300.1,309.8,1430,56.7,44,0,0,0,0,0
9197,L56376,L,298.0,308.9,1607,37.7,49,0,0,0,0,0
7327,M22186,M,299.9,310.5,1335,52.9,180,0,0,0,0,0
6029,L53208,L,300.6,310.9,1472,47.6,75,0,0,0,0,0
1866,L49045,L,297.9,307.7,1567,34.7,74,0,0,0,0,0
4613,L51792,L,303.0,311.3,2194,16.5,148,0,0,0,0,0
2646,H32059,H,299.9,309.5,1547,38.5,148,0,0,0,0,0
2244,L49423,L,299.2,308.4,1465,35.0,201,0,0,0,0,0
5374,M20233,M,302.9,312.3,1809,25.0,180,0,0,0,0,0
2337,L49516,L,299.2,308.4,1434,46.8,2,0,0,0,0,0
951,L48130,L,295.6,306.2,1424,42.5,58,0,0,0,0,0
1121,H30534,H,296.6,307.7,1654,31.0,91,0,0,0,0,0
2205,M17064,M,299.7,309.1,1352,46.1,102,0,0,0,0,0
420,M15279,M,297.3,308.3,1501,38.2,2,0,0,0,0,0
923,M15782,M,295.5,305.9,1380,52.4,202,0,0,0,0,0
8670,M23529,M,297.5,308.8,1471,52.3,152,0,0,0,0,0
5409,L52588,L,302.6,312.4,1628,33.0,15,0,0,0,0,0
5789,L52968,L,301.8,311.5,1443,43.3,134,0,0,0,0,0
5743,L52922,L,302.3,311.7,1414,47.0,11,0,0,0,0,0
7668,L54847,L,300.6,311.7,1528,43.9,185,0,0,0,0,0
5568,M20427,M,302.5,312.0,1445,54.8,0,0,0,0,0,0
8136,L55315,L,299.6,311.0,1554,36.3,62,0,0,0,0,0
1203,M16062,M,297.0,308.1,1355,51.4,76,0,0,0,0,0
5766,L52945,L,301.7,311.3,1708,30.5,77,0,0,0,0,0
8390,L55569,L,298.8,309.9,1525,39.7,77,0,0,0,0,0
1971,M16830,M,297.9,307.6,1202,67.0,129,0,0,0,0,0
4019,M18878,M,302.0,310.8,1783,23.1,190,0,0,0,0,0
3688,M18547,M,302.0,311.2,1625,30.7,189,0,0,0,0,0
1998,L49177,L,298.3,308.1,1672,41.3,0,0,0,0,0,0
4034,L51213,L,302.1,310.8,1772,27.1,233,0,0,0,0,0
1249,L48428,L,297.2,308.6,1489,40.2,214,0,0,0,0,0
2193,L49372,L,299.6,309.0,1472,48.8,72,0,0,0,0,0
2713,H32126,H,299.7,309.2,1302,55.5,87,0,0,0,0,0
2191,M17050,M,299.6,309.1,1471,44.3,67,0,0,0,0,0
4671,L51850,L,303.2,311.4,1610,35.5,63,0,0,0,0,0
5143,L52322,L,304.4,313.6,1568,39.1,0,0,0,0,0,0
5985,H35398,H,300.7,310.8,1346,52.0,193,0,0,0,0,0
6566,L53745,L,301.4,310.6,1550,36.8,159,0,0,0,0,0
7805,M22664,M,299.9,311.4,1480,44.9,108,0,0,0,0,0
6944,L54123,L,300.7,311.3,1522,35.2,48,0,0,0,0,0
2137,L49316,L,299.2,308.9,1588,41.5,150,0,0,0,0,0
1066,L48245,L,296.8,307.9,1718,25.2,148,0,0,0,0,0
601,L47780,L,297.8,309.7,1547,37.3,25,0,0,0,0,0
4228,L51407,L,302.2,310.8,1383,46.9,45,0,0,0,0,0
7578,L54757,L,300.4,311.2,1530,32.0,169,0,0,0,0,0
78,L47257,L,298.8,308.9,1455,41.3,208,1,0,0,0,0
7547,H36960,H,300.2,311.5,1454,42.8,88,0,0,0,0,0
2899,M17758,M,300.6,309.5,1550,40.2,96,0,0,0,0,0
4821,M19680,M,303.6,312.1,1627,32.5,7,0,0,0,0,0
9303,M24162,M,298.1,308.9,1804,25.1,118,0,0,0,0,0
6414,L53593,L,300.4,310.1,1614,33.5,191,0,0,0,0,0
9065,L56244,L,297.2,308.4,1833,25.2,117,0,0,0,0,0
8008,M22867,M,301.0,312.1,1664,28.4,168,0,0,0,0,0
5469,L52648,L,302.8,312.3,1764,29.9,162,0,0,0,0,0
5952,L53131,L,300.7,310.9,1650,29.4,102,0,0,0,0,0
3392,L50571,L,301.5,310.7,1466,47.3,77,0,0,0,0,0
5416,M20275,M,302.6,312.4,1410,50.3,33,0,0,0,0,0
2561,M17420,M,299.4,309.1,1326,62.0,142,0,0,0,0,0
8163,L55342,L,299.6,311.0,1574,35.0,133,0,0,0,0,0
2636,H32049,H,299.9,309.6,1462,51.0,119,0,0,0,0,0
5257,L52436,L,303.5,313.0,1393,51.6,80,0,0,0,0,0
3531,M18390,M,301.9,310.9,1441,43.7,0,0,0,0,0,0
8568,L55747,L,298.0,308.7,1511,45.8,114,0,0,0,0,0
1909,L49088,L,297.9,307.6,1977,20.2,182,0,0,0,0,0
236,M15095,M,298.1,308.3,1680,33.7,185,0,0,0,0,0
1605,L48784,L,297.8,307.8,1452,39.8,21,0,0,0,0,0
7985,L55164,L,301.0,312.3,1550,34.9,111,0,0,0,0,0
3491,M18350,M,301.9,310.9,1763,28.4,103,0,0,0,0,0
1995,M16854,M,298.2,307.9,1403,45.1,193,0,0,0,0,0
2825,M17684,M,300.3,309.5,1448,42.4,145,0,0,0,0,0
9286,M24145,M,298.2,309.0,1410,47.6,76,0,0,0,0,0
1343,M16202,M,298.6,310.1,1596,33.0,15,0,0,0,0,0
8513,H37926,H,298.3,309.6,1546,36.2,177,0,0,0,0,0
1620,L48799,L,297.9,307.7,1590,34.6,57,0,0,0,0,0
5288,H34701,H,303.8,313.2,1506,46.9,154,0,0,0,0,0
2061,L49240,L,299.6,309.5,1803,27.7,159,0,0,0,0,0
9956,M24815,M,298.2,307.9,1462,38.8,124,0,0,0,0,0
2220,M17079,M,299.6,309.1,1435,48.4,143,0,0,0,0,0
6039,L53218,L,300.7,311.0,1496,38.3,99,0,0,0,0,0
261,M15120,M,298.2,308.3,1522,49.1,22,0,0,0,0,0
9366,M24225,M,298.0,308.6,1254,55.8,65,0,0,0,0,0
9094,M23953,M,297.3,308.1,1709,30.6,196,0,0,0,0,0
3745,L50924,L,302.5,311.4,1409,53.1,126,0,0,0,0,0
2027,M16886,M,298.7,308.5,1360,52.9,69,0,0,0,0,0
6989,L54168,L,300.7,311.1,1478,46.8,165,0,0,0,0,0
4235,H33648,H,302.2,310.9,1522,35.9,61,0,0,0,0,0
1918,M16777,M,298.1,307.9,1463,47.3,206,0,0,0,0,0
1829,L49008,L,297.8,307.2,1351,56.3,174,0,0,0,0,0
6234,L53413,L,301.2,310.9,1467,37.1,153,0,0,0,0,0
9333,M24192,M,298.5,309.0,1921,22.0,196,0,0,0,0,0
6284,L53463,L,301.3,310.8,1719,29.5,62,0,0,0,0,0
4209,M19068,M,302.3,310.9,1627,32.3,0,0,0,0,0,0
225,L47404,L,298.3,308.6,1584,29.3,162,0,0,0,0,0
8916,L56095,L,297.1,308.3,1403,54.1,179,0,0,0,0,0
6470,M21329,M,300.4,309.6,1521,35.0,119,0,0,0,0,0
9414,L56593,L,298.1,308.6,1439,44.9,205,0,0,0,0,0
847,M15706,M,296.4,307.4,1416,50.0,210,0,0,0,0,0
4290,M19149,M,301.8,310.0,1781,23.9,198,0,0,0,0,0
5561,L52740,L,302.4,311.9,1541,37.9,192,0,0,0,0,0
2552,L49731,L,299.3,309.2,1541,37.2,118,0,0,0,0,0
118,L47297,L,298.8,308.6,1599,33.0,101,0,0,0,0,0
8838,M23697,M,297.5,309.1,1540,38.5,176,0,0,0,0,0
5967,L53146,L,300.4,310.8,1396,49.3,142,0,0,0,0,0
8196,L55375,L,299.4,310.8,1376,53.9,215,0,0,0,1,0
8660,L55839,L,297.5,308.5,1375,55.6,128,0,0,0,0,0
7490,M22349,M,300.2,311.6,1751,28.0,162,0,0,0,0,0
6,M14865,M,298.1,308.6,1425,41.9,11,0,0,0,0,0
5343,M20202,M,303.5,312.8,1375,45.7,89,0,0,0,0,0
9112,L56291,L,297.6,308.6,1351,51.0,37,0,0,0,0,0
4325,L51504,L,301.7,310.2,1486,43.0,66,0,0,0,0,0
1064,M15923,M,296.8,307.8,1664,32.8,142,0,0,0,0,0
2591,L49770,L,299.0,308.7,1396,48.6,0,0,0,0,0,0
8435,M23294,M,298.7,309.9,1654,29.1,195,0,0,0,0,0
3736,M18595,M,302.2,311.1,1434,58.6,102,0,0,0,0,0
3518,L50697,L,302.0,311.0,1550,35.2,184,0,0,0,0,0
6987,L54166,L,300.7,311.1,1688,30.7,161,0,0,0,0,0
6768,L53947,L,301.3,310.9,1509,41.7,16,0,0,0,0,0
5623,L52802,L,302.9,312.2,1571,40.6,139,0,0,0,0,0
1606,L48785,L,297.8,307.8,1396,42.5,23,0,0,0,0,0
1734,L48913,L,298.4,308.0,1515,42.8,125,0,0,0,0,0
9342,M24201,M,298.3,308.9,1363,46.1,5,0,0,0,0,0
3813,L50992,L,302.0,310.6,1392,50.0,84,0,0,0,0,0
9625,H39038,H,299.0,310.1,1555,38.6,118,0,0,0,0,0
1762,L48941,L,298.1,307.6,1950,20.3,202,0,0,0,0,0
5402,M20261,M,302.6,312.3,1454,54.8,253,1,0,0,1,0
2740,L49919,L,299.8,309.2,1572,35.4,158,0,0,0,0,0
2473,L49652,L,298.9,308.5,1429,55.1,140,0,0,0,0,0
6739,H36152,H,301.8,311.1,1463,50.1,149,0,0,0,0,0
6892,L54071,L,300.9,311.5,1505,41.1,129,0,0,0,0,0
7944,L55123,L,300.8,311.7,1753,29.0,8,0,0,0,0,0
4207,M19066,M,302.3,310.8,1721,28.4,215,0,0,0,0,0
6372,L53551,L,300.1,309.6,1546,36.7,77,0,0,0,0,0
233,L47412,L,298.2,308.4,1424,47.6,179,0,0,0,0,0
8259,L55438,L,299.1,310.6,1602,39.7,144,0,0,0,0,0
7562,L54741,L,300.3,311.1,1388,49.4,128,0,0,0,0,0
6169,M21028,M,300.7,310.6,1778,27.1,215,0,0,0,0,0
3597,L50776,L,301.7,310.5,1354,50.0,169,0,0,0,0,0
6289,L53468,L,301.0,310.5,1317,50.9,75,0,0,0,0,0
4633,M19492,M,302.9,311.2,1330,53.7,200,0,1,0,0,0
126,L47305,L,298.9,308.6,1560,32.2,118,0,0,0,0,0
7642,M22501,M,300.4,311.4,1352,57.3,116,0,0,0,0,0
6230,L53409,L,301.3,310.9,2165,17.4,143,0,0,0,0,0
1297,L48476,L,298.7,309.9,1621,34.1,130,0,0,0,0,0
1977,M16836,M,298.1,307.7,1419,47.4,142,0,0,0,0,0
9481,M24340,M,298.9,309.6,1434,43.8,180,0,0,0,0,0
9582,L56761,L,299.4,310.6,1418,53.1,10,0,0,0,0,0
5751,L52930,L,302.2,311.8,1981,21.8,36,0,0,0,0,0
8153,L55332,L,299.5,310.7,1438,45.7,106,0,0,0,0,0
3087,L50266,L,300.0,309.2,1610,32.1,150,0,0,0,0,0
9277,L56456,L,298.1,308.7,1691,30.3,49,0,0,0,0,0
6883,L54062,L,300.9,311.4,2073,21.4,105,0,0,0,0,0
9306,H38719,H,298.3,309.1,1646,30.2,125,0,0,0,0,0
7674,M22533,M,300.5,311.6,1476,39.1,199,0,0,0,0,0
3346,L50525,L,301.3,310.7,1594,34.1,172,0,0,0,0,0
8173,L55352,L,299.9,311.4,1596,28.9,160,0,0,0,0,0
9422,M24281,M,298.1,308.5,1382,54.5,17,0,0,0,0,0
5871,L53050,L,301.5,311.1,2055,16.8,105,0,0,0,0,0
6507,H35920,H,301.0,310.1,1454,44.1,217,0,0,0,0,0
2798,M17657,M,300.3,309.6,1398,53.7,82,0,0,0,0,0
919,M15778,M,295.3,305.7,1473,38.5,189,0,0,0,0,0
1647,M16506,M,297.9,307.7,1527,42.8,125,0,0,0,0,0
5123,H34536,H,304.2,313.5,1684,29.8,156,0,0,0,0,0
5127,L52306,L,304.3,313.5,1802,25.4,170,0,0,0,0,0
4622,L51801,L,303.0,311.2,1341,51.0,174,0,1,0,0,0
6810,L53989,L,300.9,310.8,1490,38.1,125,0,0,0,0,0
365,L47544,L,297.6,308.4,1407,55.2,86,0,0,0,0,0
2126,L49305,L,299.3,308.9,1258,69.4,119,0,0,1,0,0
8151,M23010,M,299.5,310.7,1424,41.3,101,0,0,0,0,0
8718,L55897,L,297.1,308.7,1474,42.3,64,0,0,0,0,0
56,L47235,L,298.8,309.1,1512,40.7,156,0,0,0,0,0
639,L47818,L,298.0,309.6,1536,37.3,120,0,0,0,0,0
303,H29716,H,297.8,308.4,1512,35.1,138,0,0,0,0,0
5812,L52991,L,301.3,311.1,1454,40.3,191,0,0,0,0,0
1277,M16136,M,298.2,309.4,1693,34.4,73,0,0,0,0,0
4433,L51612,L,302.4,310.2,1445,46.4,125,0,0,0,0,0
3645,L50824,L,302.2,311.5,1548,32.4,81,0,0,0,0,0
4144,L51323,L,301.7,310.1,1500,39.6,56,0,0,0,0,0
2879,H32292,H,300.5,309.4,1502,34.3,40,0,0,0,0,0
6494,L53673,L,300.7,309.8,1363,53.1,183,0,0,0,0,0
5241,L52420,L,303.7,313.0,1694,28.0,44,0,0,0,0,0
9409,H38822,H,297.9,308.4,1637,34.5,191,0,0,0,0,0
6938,H36351,H,300.6,311.1,1452,40.2,28,0,0,0,0,0
7241,M22100,M,299.9,310.1,1362,56.3,179,0,0,0,0,0
2594,H32007,H,298.9,308.5,1415,54.0,6,0,0,0,0,0
2394,L49573,L,299.2,308.5,1544,41.6,146,0,0,0,0,0
524,L47703,L,297.4,309.4,1401,45.9,49,0,0,0,0,0
6377,L53556,L,300.0,309.6,1694,28.7,94,0,0,0,0,0
6982,H36395,H,300.8,311.2,1612,32.5,143,0,0,0,0,0
6678,L53857,L,301.5,310.7,1435,38.5,224,0,0,0,0,0
3901,M18760,M,302.1,311.1,1450,51.6,86,0,0,0,0,0
9635,L56814,L,299.1,310.2,1425,52.7,154,0,0,0,0,0
5586,M20445,M,302.5,312.0,1642,29.1,46,0,0,0,0,0
9361,L56540,L,298.0,308.6,1532,42.6,54,0,0,0,0,0
7957,H37370,H,300.9,311.9,1513,38.0,38,0,0,0,0,0
7571,H36984,H,300.2,311.0,1777,27.5,151,0,0,0,0,0
6778,L53957,L,301.2,310.7,1951,21.3,44,0,0,0,0,0
672,L47851,L,297.5,308.9,1554,34.8,204,0,0,0,0,0
4189,M19048,M,302.3,310.8,1611,31.8,169,0,0,0,0,0
667,L47846,L,297.5,309.0,1470,43.5,191,0,0,0,0,0
3267,L50446,L,301.3,310.1,1269,56.8,195,0,0,0,1,0
1888,M16747,M,297.9,307.5,1642,32.4,126,0,0,0,0,0
8473,L55652,L,298.5,309.7,1634,37.8,78,0,0,0,0,0
9092,M23951,M,297.2,308.0,1765,31.1,191,0,0,0,0,0
7688,M22547,M,300.7,311.7,2097,18.9,232,1,0,0,0,0
6032,L53211,L,300.6,310.7,1455,40.6,82,0,0,0,0,0
6091,L53270,L,300.9,310.8,1708,29.1,14,0,0,0,0,0
6239,L53418,L,301.3,310.8,1390,57.4,164,0,0,0,0,0
7351,L54530,L,299.7,310.2,1469,39.5,26,0,0,0,0,0
7831,H37244,H,299.9,311.2,1495,35.8,175,0,0,0,0,0
761,L47940,L,296.7,307.8,1505,39.4,236,0,0,0,0,0
6255,L53434,L,301.0,310.5,1408,47.0,202,0,0,0,0,0
1907,L49086,L,297.9,307.6,1430,52.4,178,0,0,0,0,0
3819,L50998,L,302.1,310.7,1491,42.8,98,0,0,0,0,0
6270,M21129,M,300.9,310.5,1444,43.2,27,0,0,0,0,0
4301,M19160,M,301.7,310.1,1644,34.6,5,0,0,0,0,0
5570,L52749,L,302.4,312.0,1508,36.9,5,0,0,0,0,0
7942,M22801,M,300.7,311.7,1499,38.9,3,0,0,0,0,0
4165,L51344,L,302.2,310.6,1346,47.5,109,0,1,0,0,0
5972,L53151,L,300.5,310.8,1509,33.0,153,0,0,0,0,0
3580,L50759,L,301.8,310.6,2672,11.8,124,0,0,1,0,0
2833,M17692,M,300.4,309.3,1467,40.3,166,0,0,0,0,0
5450,L52629,L,303.1,312.8,2329,15.1,113,0,0,0,0,0
3473,L50652,L,301.8,310.7,1523,43.3,60,0,0,0,0,0
6328,L53507,L,300.6,310.0,1425,49.5,174,0,0,0,0,0
138,L47317,L,298.7,308.6,1297,55.3,148,0,0,0,0,0
7044,M21903,M,300.7,310.6,2006,19.1,102,0,0,0,0,0
4893,L52072,L,303.7,312.3,1922,23.1,193,0,0,0,0,0
2181,H31594,H,299.6,309.2,1597,36.3,35,0,0,0,0,0
7731,L54910,L,300.6,311.9,1472,44.2,126,0,0,0,0,0
3178,M18037,M,300.2,309.5,1564,33.4,183,0,0,0,0,0
4855,L52034,L,303.7,312.2,1568,33.8,96,0,0,0,0,0
4638,M19497,M,303.1,311.3,1847,24.7,212,0,0,0,0,0
5116,M19975,M,304.2,313.7,2113,18.4,139,0,0,0,0,0
7649,L54828,L,300.4,311.4,1552,28.8,135,0,0,0,0,0
4262,L51441,L,302.7,311.1,1730,28.1,135,0,0,0,0,0
1332,H30745,H,298.9,310.2,1771,26.8,216,0,0,0,0,0
7003,H36416,H,300.5,310.6,1411,47.2,201,0,0,0,0,0
6942,L54121,L,300.8,311.4,1316,57.6,43,0,0,0,0,0
8018,L55197,L,301.0,312.0,1518,39.3,196,0,0,0,0,0
6242,L53421,L,301.1,310.5,1324,52.4,171,0,0,0,0,0
9988,M24847,M,298.8,308.6,1500,37.1,210,0,0,0,0,0
6882,L54061,L,301.0,311.4,1573,37.6,103,0,0,0,0,0
4531,L51710,L,302.5,310.4,1487,42.0,152,0,0,0,0,0
4674,L51853,L,303.4,311.5,1501,36.2,69,0,0,0,0,0
6997,M21856,M,300.5,310.6,1621,32.0,184,0,0,0,0,0
1253,L48432,L,297.5,308.8,1533,41.5,223,0,0,0,0,0
3375,L50554,L,301.4,310.7,1376,50.6,25,0,0,0,0,0
2815,L49994,L,300.0,309.3,1395,56.5,122,0,0,0,0,0
4720,M19579,M,303.4,311.7,1690,34.9,189,0,0,0,0,0
6545,M21404,M,301.4,310.7,1470,46.5,101,0,0,0,0,0
4859,L52038,L,303.7,312.3,1349,51.0,105,0,0,0,0,0
7902,L55081,L,300.8,312.4,1365,44.5,129,0,0,0,0,0
8581,L55760,L,297.5,308.1,1631,30.6,146,0,0,0,0,0
8428,L55607,L,299.1,310.4,1505,46.1,176,0,0,0,0,0
1078,L48257,L,296.8,307.6,1547,36.5,179,0,0,0,0,0
4364,H33777,H,302.1,310.1,1844,24.6,171,0,0,0,0,0
771,L47950,L,296.8,308.0,1391,54.4,17,0,0,0,0,0
8866,L56045,L,297.9,309.0,1290,49.8,43,0,0,0,0,0
250,L47429,L,298.0,308.3,1405,56.2,218,0,0,0,1,0
7240,L54419,L,299.8,310.1,1553,42.0,177,0,0,0,0,0
3420,L50599,L,301.5,310.5,1611,33.8,144,0,0,0,0,0
4977,L52156,L,303.7,312.7,1359,56.8,194,0,0,0,1,0
4545,L51724,L,302.5,310.4,1349,55.1,187,0,1,0,0,0
5566,L52745,L,302.4,311.9,1671,29.9,204,0,0,0,0,0
7940,L55119,L,300.8,311.8,1417,43.4,223,0,0,0,0,0
717,H30130,H,297.4,308.6,1420,45.8,120,0,0,0,0,0
9653,M24512,M,299.0,310.0,1488,46.3,198,0,0,0,0,0
2049,L49228,L,299.3,309.2,1465,41.5,127,0,0,0,0,0
5998,M20857,M,300.5,310.2,1571,34.6,228,0,0,0,0,0
6601,M21460,M,301.5,310.6,1424,47.0,26,0,0,0,0,0
7246,L54425,L,300.0,310.1,1477,34.6,195,0,0,0,0,0
4179,L51358,L,302.5,310.9,1624,34.4,146,0,0,0,0,0
4810,L51989,L,303.4,312.2,1656,32.7,195,0,0,0,0,0
9483,H38896,H,298.8,309.6,1309,57.4,185,0,0,0,0,0
7141,L54320,L,300.5,309.9,1382,46.5,134,0,0,0,0,0
7191,L54370,L,300.3,310.3,1345,46.3,50,0,0,0,0,0
1461,L48640,L,299.0,310.3,1437,47.8,99,0,0,0,0,0
5990,L53169,L,300.7,310.7,1507,46.1,209,0,0,0,0,0
2001,L49180,L,298.4,308.1,1279,53.1,9,0,0,0,0,0
8176,M23035,M,299.9,311.3,1445,41.2,169,0,0,0,0,0
405,L47584,L,297.3,308.6,1297,45.9,184,0,0,0,0,0
385,L47564,L,297.5,308.5,1712,26.8,136,0,0,0,0,0
9449,L56628,L,298.2,309.0,1780,29.3,91,0,0,0,0,0
9488,L56667,L,298.9,309.6,1583,39.8,202,0,0,0,0,0
1634,L48813,L,297.9,307.9,1476,45.2,91,0,0,0,0,0
9854,L57033,L,298.6,309.4,1525,37.8,54,0,0,0,0,0
4785,L51964,L,303.9,312.6,1642,32.3,127,0,0,0,0,0
9457,L56636,L,298.5,309.3,1630,33.3,116,0,0,0,0,0
6971,L54150,L,300.7,311.0,1436,44.9,119,0,0,0,0,0
3926,L51105,L,302.6,311.6,1638,29.6,160,0,0,0,0,0
4159,L51338,L,301.9,310.4,1889,21.5,92,0,0,0,0,0
7450,L54629,L,300.3,311.8,1418,45.9,53,0,0,0,0,0
8416,M23275,M,298.7,309.9,1434,53.0,144,0,0,0,0,0
2194,M17053,M,299.5,308.9,1448,42.9,74,0,0,0,0,0
1016,L48195,L,296.2,307.2,1356,43.6,22,0,0,0,0,0
5125,M19984,M,304.2,313.5,1557,37.3,164,0,0,0,0,0
7419,M22278,M,300.2,311.4,1427,39.7,196,0,0,0,0,0
7410,L54589,L,299.8,310.9,2084,17.6,175,0,0,0,0,0
8990,L56169,L,297.2,307.9,1469,48.2,144,0,0,0,0,0
2872,M17731,M,300.7,309.6,1536,37.2,19,0,0,0,0,0
10,M14869,M,298.5,309.0,1741,28.0,21,0,0,0,0,0
1839,M16698,M,297.8,307.2,1456,39.6,199,0,0,0,0,0
4805,L51984,L,303.7,312.6,1621,38.8,182,0,0,0,0,0
256,L47435,L,298.0,308.2,1489,40.4,11,0,0,0,0,0
7027,L54206,L,300.6,310.7,1543,39.6,60,0,0,0,0,0
5714,L52893,L,302.2,311.9,1596,38.0,156,0,0,0,0,0
3325,L50504,L,301.5,310.6,1578,34.1,120,0,0,0,0,0
7715,L54894,L,300.5,311.5,1487,43.0,78,0,0,0,0,0
1582,M16441,M,298.2,308.3,1560,33.0,181,0,0,0,0,0
925,L48104,L,295.5,306.0,1800,27.6,208,0,0,0,0,0
2780,L49959,L,300.1,309.5,1353,50.9,34,0,0,0,0,0
7892,L55071,L,300.8,312.5,1517,39.2,107,0,0,0,0,0
6133,L53312,L,301.1,311.1,1429,42.5,123,0,0,0,0,0
5321,L52500,L,303.4,312.7,1363,45.5,26,0,0,0,0,0
7313,L54492,L,300.0,310.5,1412,52.4,142,0,0,0,0,0
7103,M21962,M,300.8,310.3,1494,42.2,35,0,0,0,0,0
6043,M20902,M,300.8,311.0,1580,36.6,109,0,0,0,0,0
3776,H33189,H,302.5,311.1,1850,23.3,203,0,0,0,0,0
4836,M19695,M,303.4,311.9,1419,50.9,39,0,0,0,0,0
4965,L52144,L,303.9,312.7,1602,33.9,165,0,0,0,0,0
540,M15399,M,297.4,309.3,1775,25.8,91,0,0,0,0,0
7484,L54663,L,300.2,311.6,1671,28.8,149,0,0,0,0,0
2746,M17605,M,299.7,309.1,1603,38.5,170,0,0,0,0,0
3720,L50899,L,302.4,311.5,1590,39.9,58,0,0,0,0,0
6820,L53999,L,300.9,310.7,1359,46.0,151,0,0,0,0,0
9338,H38751,H,298.5,308.9,1500,40.3,207,0,0,0,0,0
4469,L51648,L,302.7,310.5,1725,29.0,209,0,0,0,0,0
668,L47847,L,297.5,308.9,1459,48.5,193,0,0,0,0,0
7576,L54755,L,300.4,311.2,1471,46.5,164,0,0,0,0,0
8550,L55729,L,298.3,309.3,1558,37.2,73,0,0,0,0,0
5064,H34477,H,304.0,312.9,1495,46.6,0,0,0,0,0,0
1354,M16213,M,298.6,310.1,1444,48.1,39,0,0,0,0,0
7115,H36528,H,300.9,310.4,1457,43.8,69,0,0,0,0,0
9774,L56953,L,298.5,309.4,1560,37.9,37,0,0,0,0,0
8663,L55842,L,297.5,308.6,1514,36.9,134,0,0,0,0,0
2704,M17563,M,299.8,309.2,1372,58.2,65,0,0,0,0,0
3331,L50510,L,301.7,310.8,1385,50.7,133,0,0,0,0,0
8054,L55233,L,300.5,311.9,1887,21.7,56,0,0,0,0,0
3585,L50764,L,301.8,310.6,1192,68.9,135,0,0,0,0,0
9442,L56621,L,298.1,308.8,1432,43.4,68,0,0,0,0,0
5646,M20505,M,302.5,312.0,1591,29.4,192,0,0,0,0,0
3377,M18236,M,301.5,310.8,1385,47.5,30,0,0,0,0,0
1257,M16116,M,297.5,308.9,1535,37.7,12,0,0,0,0,0
6191,L53370,L,300.9,310.9,1749,26.4,40,0,0,0,0,0
5349,L52528,L,303.3,312.6,1623,34.6,102,0,0,0,0,0
4176,L51355,L,302.3,310.7,1612,33.4,139,0,0,0,0,0
4911,M19770,M,303.5,312.4,1606,31.7,22,0,0,0,0,0
1853,M16712,M,297.6,307.1,1526,39.1,39,0,0,0,0,0
6317,L53496,L,300.9,310.4,1544,36.0,148,0,0,0,0,0
9855,H39268,H,298.6,309.4,1362,45.3,56,0,0,0,0,0
2106,L49285,L,299.3,309.1,1495,44.0,55,0,0,0,0,0
134,M14993,M,298.7,308.4,1430,49.6,135,0,0,0,0,0
5030,M19889,M,303.9,313.2,1624,39.8,107,0,0,0,0,0
929,L48108,L,295.6,306.0,1949,21.9,5,0,0,0,0,0
824,M15683,M,296.6,307.5,1482,39.9,153,0,0,0,0,0
7577,M22436,M,300.3,311.1,1477,44.2,166,0,0,0,0,0
1532,H30945,H,298.1,309.0,1438,41.4,60,0,0,0,0,0
1215,M16074,M,296.8,307.8,1694,33.0,115,0,0,0,0,0
505,M15364,M,297.6,309.3,1529,41.9,3,0,0,0,0,0
6531,H35944,H,301.3,310.6,1605,32.5,59,0,0,0,0,0
3073,L50252,L,300.1,309.0,1314,58.2,114,0,0,0,0,0
9087,L56266,L,297.1,307.8,1428,43.7,179,0,0,0,0,0
8648,L55827,L,297.5,308.5,1530,38.5,93,0,0,0,0,0
6620,M21479,M,301.7,310.7,1627,31.3,78,0,0,0,0,0
9274,H38687,H,298.2,308.7,1520,35.7,40,0,0,0,0,0
3710,L50889,L,302.2,311.4,1754,26.9,33,0,0,0,0,0
4850,M19709,M,303.5,312.0,1475,42.9,85,0,0,0,0,0
4749,L51928,L,303.2,311.2,1363,46.7,29,0,1,0,0,0
4269,L51448,L,302.7,311.0,1694,29.8,150,0,0,0,0,0
9879,L57058,L,298.7,309.7,1293,59.1,125,0,0,0,0,0
8906,L56085,L,297.3,308.6,1385,55.2,156,0,0,0,0,0
4187,M19046,M,302.2,310.6,1570,34.6,163,0,0,0,0,0
5302,L52481,L,303.8,313.1,1309,55.8,193,0,0,0,0,0
2924,M17783,M,300.7,309.7,1397,51.3,155,0,0,0,0,0
6589,L53768,L,301.6,310.7,1457,40.4,213,0,0,0,0,0
1811,L48990,L,298.1,307.6,1364,53.8,129,0,0,0,0,0
3487,L50666,L,301.9,310.8,1650,29.8,94,0,0,0,0,0
7420,L54599,L,300.1,311.4,1572,36.2,199,0,0,0,0,0
3142,L50321,L,300.5,310.0,1521,45.1,86,0,0,0,0,0
9348,M24207,M,298.2,308.7,1426,42.6,23,0,0,0,0,0
1325,M16184,M,298.8,310.1,1243,74.5,194,0,0,1,1,0
4313,L51492,L,301.5,310.1,1430,46.5,35,0,0,0,0,0
7495,L54674,L,300.2,311.8,1436,48.2,175,0,0,0,0,0
8703,L55882,L,297.2,308.6,1774,23.0,30,0,0,0,0,0
8692,L55871,L,297.1,308.5,1555,36.2,0,0,0,0,0,0
9504,M24363,M,299.2,310.3,1551,44.8,18,0,0,0,0,0
5542,L52721,L,302.4,311.8,1433,42.2,134,0,0,0,0,0
6173,L53352,L,300.8,310.6,1577,37.9,227,1,0,0,0,0
1541,M16400,M,298.4,309.1,1525,39.3,86,0,0,0,0,0
9410,L56589,L,298.0,308.5,1664,28.3,196,0,0,0,0,0
2682,L49861,L,299.8,309.5,1545,32.2,18,0,0,0,0,0
9883,L57062,L,298.8,309.8,1895,22.0,134,0,0,0,0,0
6314,L53493,L,300.9,310.3,1440,47.6,140,0,0,0,0,0
1192,M16051,M,297.2,308.3,1776,28.0,43,0,0,0,0,0
5294,M20153,M,303.9,313.4,1464,49.1,171,0,0,0,0,0
1543,L48722,L,298.3,308.9,1379,54.7,91,0,0,0,0,0
7057,M21916,M,300.8,310.5,1409,50.6,141,0,0,0,0,0
2540,L49719,L,299.1,308.8,1413,42.1,86,0,0,0,0,0
954,L48133,L,295.5,306.1,1650,32.8,67,0,0,0,0,0
7242,M22101,M,299.9,310.0,1484,42.1,182,0,0,0,0,0
6732,L53911,L,301.6,310.9,1385,51.2,132,0,0,0,0,0
4847,M19706,M,303.3,311.8,1548,33.5,75,0,0,0,0,0
6802,L53981,L,301.1,310.7,1334,48.2,106,0,0,0,0,0
8011,L55190,L,300.8,311.8,1323,61.1,178,0,0,0,0,0
4331,L51510,L,301.5,309.8,1549,38.5,81,0,0,0,0,0
8925,H38338,H,297.1,308.2,1527,42.2,199,0,0,0,0,0
5335,M20194,M,303.4,312.6,2706,9.8,65,0,0,1,0,0
7331,H36744,H,299.8,310.2,1537,36.6,191,0,0,0,0,0
9349,L56528,L,298.2,308.7,1436,49.1,26,0,0,0,0,0
4730,L51909,L,303.4,311.8,1306,61.0,215,0,1,0,1,0
6542,L53721,L,301.4,310.7,1509,38.3,95,0,0,0,0,0
5306,H34719,H,303.9,313.2,1680,29.1,201,0,0,0,0,0
5162,M20021,M,304.1,313.2,2028,18.9,45,0,0,0,0,0
7861,L55040,L,300.5,312.0,1415,44.6,23,0,0,0,0,0
2157,M17016,M,299.4,308.9,1457,41.5,201,0,0,0,0,0
1063,L48242,L,296.8,307.9,1372,49.0,140,0,0,0,0,0
1168,L48347,L,297.0,308.1,1362,52.5,213,0,0,0,1,0
3637,L50816,L,302.2,311.4,1449,46.5,60,0,0,0,0,0
7652,M22511,M,300.4,311.5,1476,32.6,144,0,0,0,0,0
5589,M20448,M,302.5,311.8,1566,37.6,54,0,0,0,0,0
7193,M22052,M,300.2,310.2,1429,43.8,54,0,0,0,0,0
4492,H33905,H,302.6,310.4,1409,53.3,52,0,0,0,0,0
7267,L54446,L,300.4,310.5,1578,32.8,26,0,0,0,0,0
4981,M19840,M,303.7,312.8,1685,31.8,203,0,0,0,0,0
8336,M23195,M,299.0,309.8,2240,15.9,144,0,0,0,0,0
9953,L57132,L,298.2,307.8,1429,46.9,117,0,0,0,0,0
4947,M19806,M,303.7,312.7,1669,31.7,120,0,0,0,0,0
2783,M17642,M,300.2,309.6,1491,41.8,41,0,0,0,0,0
718,L47897,L,297.4,308.7,1545,36.9,125,0,0,0,0,0
2503,L49682,L,299.2,309.0,1515,48.9,228,0,0,0,1,0
4361,L51540,L,302.1,310.1,1543,35.8,164,0,0,0,0,0
4172,M19031,M,302.2,310.5,1832,23.7,129,0,0,0,0,0
8083,H37496,H,300.1,311.5,1422,46.2,134,0,0,0,0,0
9761,M24620,M,298.5,309.6,1509,47.3,2,0,0,0,0,0
396,L47575,L,297.4,308.3,1571,37.7,162,0,0,0,0,0
7187,M22046,M,300.4,310.5,1644,31.4,41,0,0,0,0,0
9823,L57002,L,298.5,309.4,1360,60.9,187,0,0,0,1,0
4493,M19352,M,302.6,310.5,1420,56.4,57,0,0,0,0,0
1366,L48545,L,298.7,310.1,1676,33.5,70,0,0,0,0,0
9527,M24386,M,299.2,310.4,1395,55.4,76,0,0,0,0,0
8788,M23647,M,297.5,308.5,1699,30.1,40,0,0,0,0,0
5918,L53097,L,300.6,310.2,1341,52.6,21,0,0,0,0,0
4969,M19828,M,303.9,312.7,1485,43.3,174,0,0,0,0,0
2915,H32328,H,300.6,309.6,1888,20.5,133,0,0,0,0,0
5645,L52824,L,302.5,312.0,1383,51.3,190,0,0,0,0,0
3767,L50946,L,302.3,311.1,1373,53.0,181,0,0,0,0,0
3441,L50620,L,301.3,310.3,1460,41.5,197,0,0,0,0,0
7358,L54537,L,299.6,310.1,1487,42.9,42,0,0,0,0,0
6807,L53986,L,301.1,310.8,1608,32.9,119,0,0,0,0,0
2144,M17003,M,299.3,308.8,1442,49.0,165,0,0,0,0,0
5105,L52284,L,304.1,313.5,1469,44.6,113,0,0,0,0,0
5074,M19933,M,304.0,313.0,1454,46.8,30,0,0,0,0,0
1572,L48751,L,298.3,308.4,1528,37.3,160,0,0,0,0,0
4080,L51259,L,302.0,310.5,1978,22.0,106,0,0,0,0,0
1123,L48302,L,296.5,307.6,1541,38.5,98,0,0,0,0,0
2787,M17646,M,300.2,309.5,1630,28.3,51,0,0,0,0,0
2968,L50147,L,300.6,309.4,1369,51.6,71,0,0,0,0,0
2505,L49684,L,299.2,309.1,1468,45.6,2,0,0,0,0,0
5989,H35402,H,300.7,310.8,1296,58.2,204,0,0,0,0,0
8868,L56047,L,297.9,308.9,1566,41.9,50,0,0,0,0,0
7165,M22024,M,300.2,310.1,1474,44.0,198,0,0,0,0,0
729,M15588,M,297.4,308.7,1425,50.3,152,0,0,0,0,0
7588,L54767,L,300.4,311.1,1405,54.1,193,0,0,0,0,0
7544,L54723,L,300.3,311.5,1446,45.0,82,0,0,0,0,0
413,L47592,L,297.5,308.6,1388,48.2,203,0,0,0,0,0
5746,L52925,L,302.1,311.5,1987,20.1,21,0,0,0,0,0
7669,L54848,L,300.6,311.8,1539,37.0,187,0,0,0,0,0
826,L48005,L,296.6,307.3,1474,40.0,158,0,0,0,0,0
3268,L50447,L,301.3,310.0,1550,41.5,197,0,0,0,0,0
3975,L51154,L,302.4,311.5,1505,37.9,79,0,0,0,0,0
8809,L55988,L,297.4,308.6,1446,48.1,88,0,0,0,0,0
8307,M23166,M,298.7,310.1,1549,42.5,61,0,0,0,0,0
418,L47597,L,297.4,308.4,1394,50.1,213,0,0,0,0,0
6749,H36162,H,301.7,311.0,2016,19.3,180,0,0,0,0,0
8968,L56147,L,297.1,307.8,1536,40.4,92,0,0,0,0,0
2083,H31496,H,299.4,309.2,1513,36.1,212,0,0,0,0,0
8946,L56125,L,297.4,308.2,1639,33.8,39,0,0,0,0,0
3374,L50553,L,301.4,310.7,1568,35.2,23,0,0,0,0,0
5727,M20586,M,302.4,311.9,1398,50.1,188,0,0,0,0,0
4108,L51287,L,302.0,310.5,1809,27.1,175,0,0,0,0,0
4381,L51560,L,301.9,309.6,1410,49.0,223,0,0,0,0,0
7724,L54903,L,300.5,311.6,1730,30.2,106,0,0,0,0,0
1067,M15926,M,296.9,307.8,1544,40.3,150,0,0,0,0,0
3914,M18773,M,302.4,311.4,1675,29.6,128,0,0,0,0,0
5537,M20396,M,302.3,311.8,1363,54.0,119,0,0,0,0,0
8003,M22862,M,300.9,312.1,1851,23.0,156,0,0,0,0,0
5388,L52567,L,302.8,312.2,1433,50.0,216,0,0,0,0,0
5733,L52912,L,302.2,311.7,1412,44.5,204,0,0,0,0,0
2739,M17598,M,299.8,309.1,1496,44.4,155,0,0,0,0,0
5053,L52232,L,303.9,313.0,1433,48.4,178,0,0,0,0,0
4001,L51180,L,302.1,311.2,1422,50.3,146,0,0,0,0,0
2428,L49607,L,298.9,308.3,1855,23.8,33,0,0,0,0,0
6834,L54013,L,301.1,311.1,1387,53.1,188,0,0,0,0,0
1688,L48867,L,297.9,307.3,1502,36.7,12,0,0,0,0,0
852,M15711,M,296.2,307.2,1389,48.6,7,0,0,0,0,0
6304,H35717,H,301.2,310.6,1457,50.5,114,0,0,0,0,0
9088,L56267,L,297.1,307.8,1681,27.6,181,0,0,0,0,0
5879,L53058,L,301.4,311.0,1533,45.8,125,0,0,0,0,0
8528,L55707,L,298.4,309.3,1531,37.4,16,0,0,0,0,0
2840,M17699,M,300.4,309.4,1362,42.1,182,0,0,0,0,0
4612,L51791,L,303.0,311.3,1365,56.2,146,0,1,0,0,0
9541,M24400,M,299.4,310.8,1628,40.2,111,0,0,0,0,0
9208,L56387,L,297.9,308.8,1386,48.6,75,0,0,0,0,0
2490,H31903,H,298.9,308.7,1500,41.6,187,0,0,0,0,0
6906,M21765,M,301.0,311.5,1550,34.9,162,0,0,0,0,0
7391,M22250,M,299.7,310.5,1490,41.2,126,0,0,0,0,0
2850,L50029,L,300.4,309.3,1766,28.2,207,0,0,0,0,0
6666,L53845,L,301.3,310.4,1440,41.5,197,0,0,0,0,0
5882,L53061,L,301.4,311.1,1952,22.7,131,0,0,0,0,0
4453,M19312,M,302.5,310.3,1447,39.2,172,0,0,0,0,0
7422,M22281,M,300.1,311.4,1342,48.5,203,0,0,0,0,0
6485,H35898,H,300.6,309.8,1913,22.5,157,0,0,0,0,0
2480,L49659,L,299.0,308.5,1604,34.7,159,0,0,0,0,0
6618,L53797,L,301.6,310.6,1321,60.8,73,0,0,0,0,0
2142,M17001,M,299.3,308.9,1577,34.9,160,0,0,0,0,0
5189,L52368,L,304.0,313.2,1632,30.6,121,0,0,0,0,0
9705,L56884,L,298.9,310.1,1577,41.4,80,0,0,0,0,0
2745,L49924,L,299.7,309.2,1620,30.0,168,0,0,0,0,0
7254,L54433,L,300.3,310.5,1522,39.1,217,0,0,0,0,0
3507,H32920,H,301.6,310.8,1435,47.2,152,0,0,0,0,0
1680,L48859,L,298.0,307.5,1792,27.9,217,0,0,0,0,0
4250,L51429,L,302.5,310.9,1330,56.9,97,0,1,0,0,0
3148,M18007,M,300.4,309.7,1440,42.8,104,0,0,0,0,0
8131,H37544,H,300.0,311.2,1393,43.1,45,0,0,0,0,0
7005,L54184,L,300.5,310.6,1950,20.3,208,0,0,0,0,0
581,M15440,M,297.8,309.8,1798,25.5,203,0,0,0,0,0
4071,L51250,L,302.0,310.7,1348,58.1,83,0,0,0,0,0
3344,M18203,M,301.5,310.8,1628,36.4,167,0,0,0,0,0
7405,L54584,L,299.8,310.8,1553,32.2,161,0,0,0,0,0
3673,L50852,L,302.3,311.6,1658,32.3,150,0,0,0,0,0
560,L47739,L,297.5,309.4,1503,40.6,144,0,0,0,0,0
5238,L52417,L,303.8,313.0,1499,42.3,38,0,0,0,0,0
7806,L54985,L,299.9,311.4,1706,28.8,111,0,0,0,0,0
513,L47692,L,297.5,309.2,1426,44.8,24,0,0,0,0,0
1082,L48261,L,297.0,307.8,1521,40.2,190,0,0,0,0,0
1665,L48844,L,298.2,308.0,1535,38.0,179,0,0,0,0,0
9205,L56384,L,297.8,308.8,1621,36.1,68,0,0,0,0,0
1932,M16791,M,298.2,308.0,1969,21.7,32,0,0,0,0,0
9667,M24526,M,299.1,310.3,1838,24.0,235,0,0,0,0,0
1151,L48330,L,297.1,307.9,1456,50.0,166,0,0,0,0,0
2839,L50018,L,300.3,309.3,1478,39.5,180,0,0,0,0,0
5950,M20809,M,300.7,310.8,1506,44.0,97,0,0,0,0,0
8309,L55488,L,298.7,310.1,1401,45.3,67,0,0,0,0,0
8933,L56112,L,297.4,308.4,1474,43.6,4,0,0,0,0,0
9789,M24648,M,298.5,309.5,1535,39.8,87,0,0,0,0,0
5178,H34591,H,304.0,313.1,1388,53.2,91,0,0,0,0,0
831,L48010,L,296.6,307.4,1631,35.0,168,0,0,0,0,0
8312,M23171,M,298.8,310.0,1295,52.7,74,0,0,0,0,0
4753,H34166,H,303.3,311.3,1502,39.5,38,0,0,0,0,0
9851,M24710,M,298.5,309.3,1498,34.6,46,0,0,0,0,0
636,L47815,L,298.3,310.0,1858,23.9,114,0,0,0,0,0
4466,L51645,L,302.8,310.6,1404,43.2,203,0,0,0,0,0
6800,M21659,M,301.1,310.7,2636,12.2,100,0,0,1,0,0
7988,H37401,H,301.0,312.2,1489,40.3,117,0,0,0,0,0
7080,L54259,L,300.7,310.5,1445,41.1,201,0,0,0,0,0
6967,L54146,L,300.7,311.0,1969,20.7,109,0,0,0,0,0
4143,L51322,L,301.7,310.1,1424,50.2,54,0,0,0,0,0
7028,L54207,L,300.6,310.6,1508,34.8,62,0,0,0,0,0
9184,L56363,L,297.9,309.1,1543,36.6,20,0,0,0,0,0
877,L48056,L,295.7,306.3,1915,22.4,79,0,0,0,0,0
4870,L52049,L,303.7,312.4,1718,26.5,130,0,0,0,0,0
5316,L52495,L,303.6,312.8,1710,27.2,14,0,0,0,0,0
5223,L52402,L,303.9,313.1,1665,29.6,0,0,0,0,0,0
5,L47184,L,298.2,308.7,1408,40.0,9,0,0,0,0,0
3052,L50231,L,300.2,309.3,1366,49.3,59,0,0,0,0,0
5692,L52871,L,302.4,311.8,1320,56.4,100,0,0,0,0,0
3125,L50304,L,300.1,309.4,1568,39.7,42,0,0,0,0,0
2492,L49671,L,299.1,308.9,1445,43.4,197,0,0,0,0,0
3855,L51034,L,302.4,311.0,1338,67.6,194,0,0,1,1,0
4778,M19637,M,303.5,312.2,1818,23.6,109,0,0,0,0,0
7510,L54689,L,300.6,311.9,1372,60.1,212,0,0,0,1,0
6458,L53637,L,300.7,310.0,1395,48.0,85,0,0,0,0,0
6294,H35707,H,301.0,310.4,1512,44.9,86,0,0,0,0,0
1149,L48328,L,297.1,308.0,1348,58.0,162,0,0,0,0,0
575,M15434,M,297.9,310.0,1439,41.7,185,0,0,0,0,0
3770,M18629,M,302.2,311.0,1436,47.0,187,0,0,0,0,0
4147,L51326,L,301.8,310.3,1482,41.4,63,0,0,0,0,0
854,L48033,L,296.3,307.3,1444,49.0,13,0,0,0,0,0
5920,L53099,L,300.6,310.3,1414,50.6,25,0,0,0,0,0
9359,L56538,L,298.2,308.7,1407,45.1,49,0,0,0,0,0
6615,L53794,L,301.7,310.6,1660,28.7,66,0,0,0,0,0
6003,L53182,L,300.5,310.3,1683,31.5,8,0,0,0,0,0
9164,L56343,L,297.6,308.6,1415,47.3,169,0,0,0,0,0
4496,L51675,L,302.6,310.4,1359,57.2,67,0,1,0,0,0
8174,H37587,H,299.9,311.4,1497,37.0,162,0,0,0,0,0
6656,L53835,L,301.4,310.3,1639,32.7,171,0,0,0,0,0
2369,M17228,M,299.3,308.4,1468,42.2,83,0,0,0,0,0
4781,L51960,L,303.7,312.4,1404,46.6,119,0,0,0,0,0
7993,M22852,M,301.1,312.3,1852,25.9,131,0,0,0,0,0
2951,M17810,M,300.7,309.5,1445,46.4,24,0,0,0,0,0
5626,L52805,L,302.7,312.1,1728,24.4,146,0,0,0,0,0
6972,M21831,M,300.7,311.0,1559,42.8,121,0,0,0,0,0
8717,M23576,M,297.1,308.6,1717,31.3,61,0,0,0,0,0
1842,L49021,L,297.7,307.2,1668,37.8,5,0,0,0,0,0
5987,L53166,L,300.6,310.7,1440,52.5,200,0,0,0,0,0
538,H29951,H,297.4,309.3,1516,43.0,83,0,0,0,0,0
2807,L49986,L,300.0,309.3,1364,41.2,104,0,0,0,0,0
5802,L52981,L,301.5,310.8,1413,44.6,166,0,0,0,0,0
5597,M20456,M,302.7,312.0,1538,36.7,74,0,0,0,0,0
7207,L54386,L,299.8,309.7,1457,51.9,89,0,0,0,0,0
7344,L54523,L,299.6,310.2,1468,48.0,9,0,0,0,0,0
7561,M22420,M,300.3,311.3,1377,53.8,125,0,0,0,0,0
8097,M22956,M,300.2,311.7,1555,37.4,169,0,0,0,0,0
785,L47964,L,296.7,307.9,1743,27.9,55,0,0,0,0,0
1410,L48589,L,298.9,310.1,1466,42.5,187,0,0,0,0,0
155,L47334,L,298.4,308.2,1528,36.2,196,0,0,0,0,0
7807,L54986,L,300.0,311.5,1349,48.6,113,0,0,0,0,0
3010,M17869,M,300.4,309.7,1466,39.8,184,0,0,0,0,0
1687,H31100,H,297.9,307.3,1663,28.7,7,0,0,0,0,0
4015,L51194,L,302.1,311.0,1740,30.8,182,0,0,0,0,0
7456,M22315,M,300.2,311.7,1597,39.5,68,0,0,0,0,0
3864,L51043,L,302.5,311.4,1674,27.0,223,0,0,0,0,0
2734,L49913,L,299.7,309.2,1422,40.4,140,0,0,0,0,0
1896,L49075,L,297.9,307.6,1344,54.3,151,0,0,0,0,0
5443,L52622,L,303.1,312.7,1353,51.8,97,0,0,0,0,0
570,M15429,M,297.7,309.6,1596,35.2,173,0,0,0,0,0
6710,L53889,L,301.4,310.6,1481,37.6,77,0,0,0,0,0
5855,L53034,L,301.2,310.9,1416,53.3,66,0,0,0,0,0
1817,L48996,L,298.1,307.6,1460,46.5,143,0,0,0,0,0
8320,L55499,L,298.7,309.7,1393,45.7,99,0,0,0,0,0
3395,L50574,L,301.5,310.6,1405,42.3,83,0,0,0,0,0
3328,M18187,M,301.5,310.6,2432,14.2,126,0,0,0,0,0
9983,M24842,M,298.7,308.4,1507,45.7,192,0,0,0,0,0
6103,L53282,L,300.7,310.7,1442,43.2,49,0,0,0,0,0
2976,H32389,H,300.5,309.4,1360,46.2,93,0,0,0,0,0
981,L48160,L,296.1,306.7,1409,42.8,134,0,0,0,0,0
191,L47370,L,298.2,308.4,1477,49.9,72,0,0,0,0,0
9332,L56511,L,298.4,308.9,1496,37.9,194,0,0,0,0,0
5089,L52268,L,304.0,313.1,1465,41.0,69,0,0,0,0,0
700,H30113,H,297.5,308.7,1416,39.2,74,0,0,0,0,0
9760,L56939,L,298.5,309.7,1613,36.7,0,0,0,0,0,0
607,L47786,L,297.9,309.8,1461,50.5,38,0,0,0,0,0
302,L47481,L,297.7,308.4,1740,27.1,136,0,0,0,0,0
3421,L50600,L,301.6,310.6,1834,23.5,146,0,0,0,0,0
9805,L56984,L,298.4,309.1,1467,42.5,139,0,0,0,0,0
1061,H30474,H,296.7,307.9,1424,53.8,133,0,0,0,0,0
3445,L50624,L,301.5,310.6,1381,50.7,206,0,0,0,0,0
1070,M15929,M,296.9,307.8,1840,24.6,157,0,0,0,0,0
2206,L49385,L,299.9,309.2,1624,34.6,105,0,0,0,0,0
9436,L56615,L,298.0,308.7,1443,49.3,52,0,0,0,0,0
7340,L54519,L,299.8,310.4,1579,36.4,0,0,0,0,0,0
8209,L55388,L,299.2,310.7,1477,44.0,19,0,0,0,0,0
7680,L54859,L,300.7,311.7,1635,32.4,213,0,0,0,0,0
4643,L51822,L,303.2,311.4,1238,54.6,226,0,1,0,1,0
7684,L54863,L,300.7,311.7,1524,43.5,222,0,0,0,0,0
9008,L56187,L,297.4,308.0,1383,46.2,188,0,0,0,0,0
7997,M22856,M,301.0,312.2,1499,41.5,140,0,0,0,0,0
5601,L52780,L,302.8,312.1,1487,36.6,84,0,0,0,0,0
9152,L56331,L,297.6,308.6,1553,40.5,135,0,0,0,0,0
7023,L54202,L,300.7,310.5,1561,33.2,48,0,0,0,0,0
4894,M19753,M,303.8,312.5,1448,44.3,195,0,0,0,0,0
226,L47405,L,298.3,308.5,1362,53.8,164,0,0,0,0,0
3355,L50534,L,301.6,310.9,1559,40.2,191,0,0,0,0,0
5896,M20755,M,301.2,310.9,1460,46.7,166,0,0,0,0,0
8755,L55934,L,297.4,308.6,1635,30.5,159,0,0,0,0,0
3437,L50616,L,301.5,310.5,1466,48.1,189,0,0,0,0,0
1694,H31107,H,298.0,307.5,1683,27.8,26,0,0,0,0,0
6894,L54073,L,301.0,311.6,1470,43.4,133,0,0,0,0,0
1046,H30459,H,296.4,307.5,1403,52.8,94,0,0,0,0,0
3447,H32860,H,301.6,310.6,1400,49.5,211,0,0,0,0,0
8051,L55230,L,300.7,312.0,1401,51.1,50,0,0,0,0,0
9147,L56326,L,297.6,308.6,1528,40.0,123,0,0,0,0,0
9982,L57161,L,298.7,308.5,1353,47.0,190,0,0,0,0,0
4736,L51915,L,303.2,311.5,1544,42.5,227,0,0,0,0,0
4497,M19356,M,302.5,310.4,1605,36.0,69,0,0,0,0,0
1219,M16078,M,297.0,308.2,1702,30.7,124,0,0,0,0,0
6016,M20875,M,300.8,310.8,1520,38.0,45,0,0,0,0,0
9720,L56899,L,298.9,309.9,1309,56.2,119,0,0,0,0,0
3988,M18847,M,302.3,311.3,1444,43.1,115,0,0,0,0,0
4912,L52091,L,303.5,312.3,1681,29.8,25,0,0,0,0,0
9493,L56672,L,299.1,309.9,1586,36.6,215,0,0,0,0,0
4494,L51673,L,302.7,310.5,1511,37.7,60,0,0,0,0,0
6945,M21804,M,300.7,311.3,1487,39.8,50,0,0,0,0,0
5700,L52879,L,302.4,311.9,1867,25.9,121,0,0,0,0,0
8353,L55532,L,298.6,309.6,1491,36.9,192,0,0,0,0,0
957,H30370,H,295.6,306.2,1632,32.2,76,0,0,0,0,0
2870,L50049,L,300.8,309.7,1519,35.8,14,0,0,0,0,0
4434,H33847,H,302.4,310.2,1435,44.9,127,0,0,0,0,0
4974,L52153,L,303.8,312.7,1461,38.2,188,0,0,0,0,0
2962,L50141,L,300.6,309.4,1654,32.8,57,0,0,0,0,0
2201,L49380,L,299.8,309.1,1546,35.6,93,0,0,0,0,0
99,L47278,L,298.9,308.8,1529,32.7,53,0,0,0,0,0
9850,L57029,L,298.6,309.4,2312,15.5,44,0,0,0,0,0
2558,M17417,M,299.4,309.1,1440,50.0,134,0,0,0,0,0
8446,M23305,M,298.6,310.0,1541,36.9,12,0,0,0,0,0
4200,M19059,M,302.5,311.1,1638,32.0,198,0,0,0,0,0
9638,L56817,L,299.2,310.3,1463,38.9,160,0,0,0,0,0
5540,H34953,H,302.3,311.7,1482,39.0,127,0,0,0,0,0
1649,L48828,L,297.9,307.8,1373,50.2,130,0,0,0,0,0
6198,L53377,L,300.9,310.8,1493,45.8,57,0,0,0,0,0
6296,H35709,H,301.1,310.6,1782,24.9,93,0,0,0,0,0
4500,H33913,H,302.6,310.3,1721,27.4,79,0,0,0,0,0
1155,L48334,L,296.9,307.9,1626,29.9,177,0,0,0,0,0
2256,L49435,L,299.1,308.3,1559,33.7,30,0,0,0,0,0
3171,M18030,M,300.4,309.7,1685,32.3,167,0,0,0,0,0
7401,M22260,M,299.6,310.6,1633,34.2,151,0,0,0,0,0
7159,L54338,L,300.2,310.0,1389,53.6,184,0,0,0,0,0
3109,L50288,L,299.8,309.2,1504,38.7,212,0,0,0,0,0
4549,L51728,L,302.6,310.5,1511,37.2,197,0,0,0,0,0
5424,L52603,L,302.6,312.3,1647,31.8,52,0,0,0,0,0
2050,M16909,M,299.3,309.2,1586,37.9,129,0,0,0,0,0
9209,L56388,L,298.0,308.9,1406,40.9,77,0,0,0,0,0
8816,H38229,H,297.3,308.5,1435,55.0,104,0,0,0,0,0
9798,M24657,M,298.4,309.2,1597,33.5,116,0,0,0,0,0
263,M15122,M,298.1,308.2,1736,26.8,27,0,0,0,0,0
4062,L51241,L,301.9,310.8,1906,21.7,62,0,0,0,0,0
5535,M20394,M,302.3,311.7,1494,37.1,114,0,0,0,0,0
6617,M21476,M,301.7,310.6,1380,45.8,70,0,0,0,0,0
8121,L55300,L,300.2,311.6,1767,26.4,20,0,0,0,0,0
8156,L55335,L,299.5,310.8,1283,52.4,112,0,0,0,0,0
1803,H31216,H,298.1,307.6,1496,44.1,104,0,0,0,0,0
4737,L51916,L,303.2,311.5,1513,37.9,0,0,0,0,0,0
2386,L49565,L,299.1,308.3,1524,34.1,128,0,0,0,0,0
6695,M21554,M,301.7,310.9,1300,62.7,36,0,0,0,0,0
5760,L52939,L,301.8,311.3,1551,35.8,61,0,0,0,0,0
1960,M16819,M,297.8,307.6,1352,49.4,102,0,0,0,0,0
2977,M17836,M,300.5,309.3,1881,25.5,98,0,0,0,0,0
8681,L55860,L,297.2,308.5,1494,39.6,181,0,0,0,0,0
1844,L49023,L,297.6,307.1,1496,39.2,12,0,0,0,0,0
1735,M16594,M,298.5,308.1,1501,39.2,127,0,0,0,0,0
2912,M17771,M,300.7,309.5,1352,44.0,126,0,0,0,0,0
8339,L55518,L,298.8,309.7,1740,28.5,152,0,0,0,0,0
1987,L49166,L,298.1,307.6,1498,42.9,171,0,0,0,0,0
9562,L56741,L,299.6,310.9,1853,26.3,166,0,0,0,0,0
6547,M21406,M,301.4,310.8,1530,39.9,107,0,0,0,0,0
7099,L54278,L,300.7,310.2,1642,32.6,26,0,0,0,0,0
2812,L49991,L,299.9,309.2,1761,25.6,115,0,0,0,0,0
660,L47839,L,297.6,309.1,1449,49.1,174,0,0,0,0,0
2512,M17371,M,299.0,308.9,1526,41.1,20,0,0,0,0,0
4283,L51462,L,301.9,309.9,1374,48.5,180,0,1,0,0,0
9340,L56519,L,298.5,309.0,1458,44.8,217,0,0,0,0,0
8801,L55980,L,297.4,308.5,1475,47.2,69,0,0,0,0,0
6288,M21147,M,301.1,310.6,1479,41.1,72,0,0,0,0,0
1931,M16790,M,298.1,307.9,1569,37.0,29,0,0,0,0,0
7126,L54305,L,300.7,310.1,1261,56.6,98,0,0,0,0,0
198,M15057,M,298.4,308.6,1527,40.9,96,0,0,0,0,0
7778,L54957,L,300.3,311.5,1695,25.6,43,0,0,0,0,0
2932,L50111,L,300.8,309.7,1373,45.4,179,0,0,0,0,0
8005,L55184,L,300.9,312.0,1533,44.0,162,0,0,0,0,0
2328,M17187,M,299.3,308.7,1420,50.3,208,0,0,0,0,0
4390,M19249,M,302.1,310.0,1355,45.1,6,0,1,0,0,0
8959,M23818,M,297.4,308.1,1734,27.7,70,0,0,0,0,0
4219,M19078,M,302.0,310.6,1479,40.5,24,0,0,0,0,0
203,M15062,M,298.4,308.5,1636,35.7,107,0,0,0,0,0
3511,L50690,L,301.7,311.0,1474,42.6,164,0,0,0,0,0
4932,M19791,M,303.3,312.1,1693,30.0,80,0,0,0,0,0
5536,L52715,L,302.3,311.7,1465,43.5,117,0,0,0,0,0
5792,M20651,M,301.8,311.3,1542,40.1,142,0,0,0,0,0
1708,L48887,L,298.2,307.8,1439,41.6,62,0,0,0,0,0
5173,L52352,L,304.2,313.4,1740,28.2,78,0,0,0,0,0
5250,M20109,M,303.4,312.9,1422,39.9,63,0,0,0,0,0
6529,L53708,L,301.2,310.5,1546,40.0,55,0,0,0,0,0
9849,H39262,H,298.5,309.2,1568,40.6,39,0,0,0,0,0
5856,M20715,M,301.2,310.9,1424,45.2,68,0,0,0,0,0
8165,L55344,L,299.6,310.9,1472,40.9,137,0,0,0,0,0
855,M15714,M,296.3,307.3,1498,41.6,15,0,0,0,0,0
4738,M19597,M,303.2,311.5,1336,58.2,2,0,1,0,0,0
699,L47878,L,297.6,308.8,1539,40.2,72,0,0,0,0,0
3697,L50876,L,302.1,311.2,1454,46.8,0,0,0,0,0,0
1637,L48816,L,297.9,307.8,1505,37.3,100,0,0,0,0,0
7281,L54460,L,299.9,310.2,1288,69.6,62,0,0,1,0,0
7555,M22414,M,300.3,311.4,1371,50.2,109,0,0,0,0,0
3582,M18441,M,301.8,310.6,1459,40.2,128,0,0,0,0,0
1292,M16151,M,298.6,309.7,1675,28.4,115,0,0,0,0,0
6586,M21445,M,301.5,310.5,1600,32.8,205,0,0,0,0,0
1854,L49033,L,297.6,307.2,1486,40.6,42,0,0,0,0,0
5233,L52412,L,303.6,312.9,1381,57.8,27,0,0,0,0,0
3764,L50943,L,302.3,311.0,1428,47.9,174,0,0,0,0,0
3305,L50484,L,301.2,310.3,1497,45.7,76,0,0,0,0,0
1496,H30909,H,297.9,308.5,1383,44.6,184,0,0,0,0,0
7995,L55174,L,301.0,312.3,1424,43.5,136,0,0,0,0,0
1999,H31412,H,298.3,308.0,1637,30.8,2,0,0,0,0,0
664,L47843,L,297.5,308.9,1469,44.0,185,0,0,0,0,0
3749,L50928,L,302.5,311.1,1493,39.0,137,0,0,0,0,0
4414,M19273,M,302.7,310.5,1398,47.3,70,0,0,0,0,0
5531,M20390,M,302.3,311.8,1355,50.1,104,0,0,0,0,0
5576,H34989,H,302.4,312.0,1477,39.7,18,0,0,0,0,0
8902,L56081,L,297.3,308.6,1446,50.1,144,0,0,0,0,0
7527,L54706,L,300.1,311.4,1660,31.4,38,0,0,0,0,0
9475,M24334,M,298.7,309.6,1455,46.8,162,0,0,0,0,0
5865,M20724,M,301.4,311.0,1486,36.5,91,0,0,0,0,0
6777,L53956,L,301.3,310.6,1451,47.5,42,0,0,0,0,0
1307,L48486,L,298.8,310.0,1487,41.4,152,0,0,0,0,0
7393,M22252,M,299.7,310.5,1492,39.3,131,0,0,0,0,0
5593,L52772,L,302.5,311.9,1437,46.7,65,0,0,0,0,0
9722,L56901,L,298.8,309.8,1490,40.6,124,0,0,0,0,0
1664,M16523,M,298.1,307.9,1759,28.6,176,0,0,0,0,0
5451,H34864,H,303.1,312.8,1435,41.9,115,0,0,0,0,0
9955,M24814,M,298.1,307.9,1446,42.8,121,0,0,0,0,0
3628,L50807,L,302.2,311.5,1588,30.6,39,0,0,0,0,0
2694,M17553,M,300.1,309.6,1622,36.1,43,0,0,0,0,0
9790,L56969,L,298.6,309.6,1715,28.4,90,0,0,0,0,0
5916,M20775,M,300.6,310.2,1532,38.7,16,0,0,0,0,0
3158,M18017,M,300.4,309.7,1488,42.2,133,0,0,0,0,0
6669,L53848,L,301.4,310.5,1476,39.2,206,0,0,0,0,0
1060,M15919,M,296.7,307.9,1874,21.3,130,0,0,0,0,0
4637,L51816,L,303.0,311.3,1466,43.0,210,0,0,0,0,0
3243,L50422,L,300.9,309.6,1384,42.4,131,0,0,0,0,0
1679,L48858,L,298.0,307.5,1644,32.8,215,0,0,0,0,0
6893,L54072,L,301.0,311.6,1440,43.3,131,0,0,0,0,0
6375,L53554,L,300.0,309.5,1506,38.8,87,0,0,0,0,0
7575,L54754,L,300.4,311.1,1487,37.4,162,0,0,0,0,0
1758,M16617,M,298.1,307.4,1335,56.2,190,0,0,0,0,0
6020,L53199,L,300.7,310.8,1519,43.9,55,0,0,0,0,0
5117,L52296,L,304.2,313.8,1401,53.9,142,0,0,0,0,0
8756,M23615,M,297.4,308.7,1582,31.9,161,0,0,0,0,0
7409,L54588,L,299.9,310.9,1292,51.1,173,0,0,0,0,0
2791,L49970,L,300.4,309.6,1356,45.9,64,0,0,0,0,0
864,L48043,L,296.0,306.7,1416,44.2,46,0,0,0,0,0
7859,L55038,L,300.5,311.9,1350,51.7,18,0,0,0,0,0
1485,M16344,M,298.0,309.0,1562,39.2,155,0,0,0,0,0
7036,L54215,L,300.6,310.6,1497,38.2,83,0,0,0,0,0
7722,L54901,L,300.5,311.6,1425,42.4,102,0,0,0,0,0
5978,L53157,L,300.6,310.7,1750,30.6,171,0,0,0,0,0
5135,L52314,L,304.1,313.3,1438,45.5,188,0,0,0,0,0
207,L47386,L,298.5,308.7,1609,35.3,117,0,0,0,0,0
4489,M19348,M,302.5,310.4,1509,37.6,45,0,0,0,0,0
6939,L54118,L,300.7,311.2,1452,44.4,33,0,0,0,0,0
9063,L56242,L,297.2,308.3,1576,35.3,113,0,0,0,0,0
6911,L54090,L,300.8,311.2,1434,45.6,174,0,0,0,0,0
503,L47682,L,297.6,309.2,1390,43.3,221,0,0,0,0,0
7386,M22245,M,299.8,310.5,1375,53.9,110,0,0,0,0,0
1029,L48208,L,296.3,307.4,1472,39.9,51,0,0,0,0,0
3841,L51020,L,302.4,311.0,1610,33.1,161,0,0,0,0,0
8111,H37524,H,300.3,311.8,2141,18.5,204,0,0,0,0,0
5057,M19916,M,303.9,312.9,1430,53.5,189,0,0,0,0,0
9763,L56942,L,298.6,309.7,1925,22.1,7,0,0,0,0,0
8155,L55334,L,299.6,310.7,1393,52.1,110,0,0,0,0,0
2732,M17591,M,299.7,309.2,1597,32.9,135,0,0,0,0,0
8997,L56176,L,297.2,307.9,1540,37.1,164,0,0,0,0,0
2455,L49634,L,299.0,308.6,1653,31.7,100,0,0,0,0,0
7216,L54395,L,299.9,309.8,1477,47.7,112,0,0,0,0,0
3105,M17964,M,299.8,309.2,1678,29.8,202,0,0,0,0,0
8393,M23252,M,298.5,309.6,1502,39.4,84,0,0,0,0,0
6279,L53458,L,301.2,310.7,1568,38.3,49,0,0,0,0,0
3100,M17959,M,299.9,309.1,1513,43.8,188,0,0,0,0,0
6185,L53364,L,301.0,311.0,1553,35.8,26,0,0,0,0,0
3562,L50741,L,301.7,310.6,1486,38.5,78,0,0,0,0,0
5893,L53072,L,301.4,311.1,1472,44.5,159,0,0,0,0,0
392,L47571,L,297.6,308.6,1491,38.1,152,0,0,0,0,0
6737,L53916,L,301.7,311.0,1527,42.2,144,0,0,0,0,0
5619,M20478,M,303.0,312.4,1645,29.6,129,0,0,0,0,0
5259,M20118,M,303.5,312.9,1572,44.7,84,0,0,0,0,0
9688,M24547,M,299.1,310.1,1649,31.6,41,0,0,0,0,0
2696,L49875,L,300.0,309.5,1869,22.7,49,0,0,0,0,0
2028,L49207,L,298.7,308.4,1750,25.8,72,0,0,0,0,0
5464,L52643,L,302.9,312.4,1561,34.8,150,0,0,0,0,0
2569,L49748,L,299.6,309.2,1450,43.1,160,0,0,0,0,0
8007,L55186,L,300.9,312.1,1462,46.0,166,0,0,0,0,0
65,L47244,L,299.0,309.1,1523,38.6,177,0,0,0,0,0
2063,M16922,M,299.7,309.6,1477,42.7,163,0,0,0,0,0
5277,L52456,L,303.5,313.0,1606,34.0,126,0,0,0,0,0
7209,L54388,L,299.8,309.7,1707,29.1,94,0,0,0,0,0
8685,L55864,L,297.2,308.5,1588,40.4,190,0,0,0,0,0
8572,L55751,L,297.9,308.6,2262,15.7,125,0,0,0,0,0
6332,H35745,H,300.5,310.0,1495,47.4,184,0,0,0,0,0
4860,L52039,L,303.7,312.4,1535,38.6,107,0,0,0,0,0
4888,L52067,L,303.7,312.5,1481,33.3,182,0,0,0,0,0
9269,L56448,L,298.2,308.8,1666,31.5,30,0,0,0,0,0
879,M15738,M,295.7,306.3,1685,34.9,84,0,0,0,0,0
8530,M23389,M,298.5,309.4,1522,47.4,20,0,0,0,0,0
7917,L55096,L,300.8,312.1,1512,37.1,169,0,0,0,0,0
6864,L54043,L,301.1,311.3,1630,29.5,51,0,0,0,0,0
7893,M22752,M,300.9,312.6,1555,40.6,109,0,0,0,0,0
6440,L53619,L,300.6,310.1,1656,32.7,44,0,0,0,0,0
7870,M22729,M,300.5,312.0,1779,27.7,46,0,0,0,0,0
1017,M15876,M,296.3,307.2,1319,68.3,24,0,0,1,0,0
9468,L56647,L,298.6,309.3,1702,27.6,143,0,0,0,0,0
7630,M22489,M,300.5,311.7,1269,64.0,87,0,0,0,0,0
996,L48175,L,296.3,307.3,1566,35.8,175,0,0,0,0,0
4298,M19157,M,301.8,310.2,1609,34.2,217,0,0,0,0,0
162,L47341,L,298.3,308.1,1412,52.3,218,0,0,0,1,0
5676,M20535,M,302.3,311.7,1453,42.5,56,0,0,0,0,0
6874,L54053,L,301.0,311.4,1478,39.5,75,0,0,0,0,0
9693,M24552,M,299.0,310.0,1667,30.0,53,0,0,0,0,0
7990,L55169,L,301.1,312.4,1430,37.9,124,0,0,0,0,0
3844,L51023,L,302.5,311.2,1227,60.1,167,0,0,0,0,0
1022,M15881,M,296.3,307.2,1454,42.5,35,0,0,0,0,0
3074,L50253,L,300.1,309.1,1478,46.9,116,0,0,0,0,0
7556,L54735,L,300.3,311.3,1332,60.5,112,0,0,0,0,0
3944,L51123,L,302.3,311.4,1333,66.7,205,0,0,1,1,0
1586,L48765,L,298.2,308.3,1400,48.7,194,0,0,0,0,0
3153,M18012,M,300.5,309.8,1473,42.3,121,0,0,0,0,0
8227,L55406,L,299.1,310.5,1389,61.4,64,0,0,0,0,0
776,L47955,L,296.7,307.8,1453,46.0,33,0,0,0,0,0
9671,L56850,L,299.0,310.2,1690,30.7,244,0,0,0,0,0
7100,M21959,M,300.7,310.2,1373,44.1,28,0,0,0,0,0
5487,L52666,L,302.6,312.2,1520,43.0,208,0,0,0,0,0
6236,L53415,L,301.3,310.9,1596,33.9,157,0,0,0,0,0
9556,H38969,H,299.4,310.8,1585,31.4,149,0,0,0,0,0
7042,L54221,L,300.6,310.5,1470,37.7,98,0,0,0,0,0
2613,L49792,L,299.4,309.1,2421,14.2,57,0,0,0,0,0
7514,L54693,L,300.4,311.8,2261,14.9,5,0,0,0,0,0
8434,M23293,M,298.8,310.1,1501,48.7,192,0,0,0,0,0
8793,L55972,L,297.4,308.5,1418,51.2,52,0,0,0,0,0
5394,L52573,L,302.8,312.3,1473,42.6,232,0,0,0,0,0
8839,L56018,L,297.5,309.0,1320,54.7,179,0,0,0,0,0
3891,L51070,L,302.3,311.2,1386,53.5,59,0,0,0,0,0
3557,L50736,L,301.9,310.8,1735,31.5,66,0,0,0,0,0
1529,L48708,L,298.1,309.0,1559,34.0,54,0,0,0,0,0
1268,M16127,M,298.1,309.6,1549,38.7,43,0,0,0,0,0
7735,L54914,L,300.6,312.0,1670,29.4,134,0,0,0,0,0
1900,L49079,L,297.8,307.5,1388,40.0,159,0,0,0,0,0
4659,L51838,L,303.1,311.2,1679,34.8,25,0,0,0,0,0
3006,L50185,L,300.5,309.9,1503,37.4,175,0,0,0,0,0
2735,H32148,H,299.7,309.2,1572,32.8,142,0,0,0,0,0
190,M15049,M,298.3,308.4,1539,43.4,69,0,0,0,0,0
9168,M24027,M,297.6,308.7,1392,41.2,178,0,0,0,0,0
2748,L49927,L,299.7,309.2,1616,31.6,175,0,0,0,0,0
2048,L49227,L,299.3,309.2,1775,24.2,125,0,0,0,0,0
7850,M22709,M,300.3,311.7,1374,47.9,222,1,0,0,0,0
2559,M17418,M,299.2,309.0,1881,23.9,137,0,0,0,0,0
9275,L56454,L,298.2,308.7,1428,54.9,45,0,0,0,0,0
8667,L55846,L,297.5,308.7,1407,42.5,145,0,0,0,0,0
6397,L53576,L,300.0,309.6,1526,46.4,150,0,0,0,0,0
3386,L50565,L,301.5,310.7,1466,43.6,56,0,0,0,0,0
4556,L51735,L,302.7,310.6,1690,26.7,4,0,0,0,0,0
1185,L48364,L,297.3,308.5,1497,47.5,27,0,0,0,0,0
6421,L53600,L,300.3,309.9,1518,36.4,0,0,0,0,0,0
5052,L52231,L,303.9,313.0,1480,39.9,176,0,0,0,0,0
5312,H34725,H,303.7,312.9,1460,49.8,2,0,0,0,0,0
2434,L49613,L,299.0,308.3,1441,44.0,48,0,0,0,0,0
6950,M21809,M,300.7,311.2,1769,26.5,63,0,0,0,0,0
770,L47949,L,296.9,308.0,1343,44.5,15,0,0,0,0,0
1686,L48865,L,297.9,307.3,1824,26.3,5,0,0,0,0,0
8323,L55502,L,298.7,309.6,1364,44.9,106,0,0,0,0,0
5579,L52758,L,302.5,312.2,1574,38.7,30,0,0,0,0,0
4427,L51606,L,302.6,310.3,1479,40.4,105,0,0,0,0,0
467,L47646,L,297.2,308.5,1550,41.5,125,0,0,0,0,0
6266,L53445,L,300.8,310.3,1383,46.6,19,0,0,0,0,0
5735,L52914,L,302.3,311.8,1369,56.2,208,0,0,0,1,0
5192,L52371,L,304.0,313.2,1416,46.0,128,0,0,0,0,0
5391,H34804,H,302.8,312.3,1483,47.2,223,0,0,0,0,0
861,H30274,H,296.1,306.9,1541,32.6,33,0,0,0,0,0
7271,L54450,L,300.2,310.4,1808,25.8,35,0,0,0,0,0
